"gameid","gamedate","gametime","home","away","spread","overunder","fav","favpts","dog","dogpts"
"20141028SAS","20141028","7:05 PM","SAS","DAL",-3.5,203,"SAS",103.25,"DAL",99.75
"20141028NOP","20141028","7:05 PM","NOP","ORL",-9,191,"NOP",100,"ORL",91
"20141028LAL","20141028","9:35 PM","LAL","HOU",-7,207,"HOU",107,"LAL",100
"20141029CHA","20141029","6:05 PM","CHA","MIL",-8,193.5,"CHA",100.75,"MIL",92.75
"20141029IND","20141029","6:05 PM","IND","PHI",-7.5,189.5,"IND",98.5,"PHI",91
"20141029BOS","20141029","6:35 PM","BOS","BKN",-1,193.5,"BOS",97.25,"BKN",96.25
"20141029TOR","20141029","6:35 PM","TOR","ATL",-4.5,199,"TOR",101.75,"ATL",97.25
"20141029MIA","20141029","6:35 PM","MIA","WAS",-5,188,"MIA",96.5,"WAS",91.5
"20141029NYK","20141029","7:05 PM","NYK","CHI",-4.5,184,"CHI",94.25,"NYK",89.75
"20141029MEM","20141029","7:05 PM","MEM","MIN",-7.5,197,"MEM",102.25,"MIN",94.75
"20141029DEN","20141029","8:05 PM","DEN","DET",-6.5,205.5,"DEN",106,"DET",99.5
"20141029UTA","20141029","8:05 PM","UTA","HOU",-3,201.5,"HOU",102.25,"UTA",99.25
"20141029PHX","20141029","9:05 PM","PHX","LAL",-12,208,"PHX",110,"LAL",98
"20141029SAC","20141029","9:05 PM","SAC","GSW",-4.5,206,"GSW",105.25,"SAC",100.75
"20141029POR","20141029","9:35 PM","POR","OKC",-9.5,198,"POR",103.75,"OKC",94.25
"20141030ORL","20141030","6:05 PM","ORL","WAS",-4.5,188,"WAS",96.25,"ORL",91.75
"20141030CLE","20141030","7:05 PM","CLE","NYK",-13,203.5,"CLE",108.25,"NYK",95.25
"20141030MIN","20141030","7:05 PM","MIN","DET",-5.5,204.5,"MIN",105,"DET",99.5
"20141030DAL","20141030","7:35 PM","DAL","UTA",-10.5,203,"DAL",106.75,"UTA",96.25
"20141030LAC","20141030","9:35 PM","LAC","OKC",-12.5,205.5,"LAC",109,"OKC",96.5
"20141031IND","20141031","6:05 PM","IND","MEM",-6.5,185.5,"MEM",96,"IND",89.5
"20141031CHI","20141031","7:05 PM","CHI","CLE",-4,193.5,"CHI",98.75,"CLE",94.75
"20141031MIL","20141031","7:35 PM","MIL","PHI",-8.5,204,"MIL",106.25,"PHI",97.75
"20141031SAC","20141031","9:05 PM","SAC","POR",-4.5,198.5,"POR",101.5,"SAC",97
"20141031PHX","20141031","9:05 PM","PHX","SAS",1,208,"PHX",103.5,"SAS",104.5
"20141031LAL","20141031","9:35 PM","LAL","LAC",-11.5,210,"LAC",110.75,"LAL",99.25
"20141101CHA","20141101","7:05 PM","CHA","MEM",-3,186,"CHA",94.5,"MEM",91.5
"20141101NOP","20141101","7:05 PM","NOP","DAL",1,203,"NOP",101,"DAL",102
"20141101ORL","20141101","7:05 PM","ORL","TOR",-5.5,196,"TOR",100.75,"ORL",95.25
"20141101PHI","20141101","7:05 PM","PHI","MIA",-9,195.5,"MIA",102.25,"PHI",93.25
"20141101WAS","20141101","7:05 PM","WAS","MIL",-9,197,"WAS",103,"MIL",94
"20141101DET","20141101","7:35 PM","DET","BKN",-2.5,196,"DET",99.25,"BKN",96.75
"20141101ATL","20141101","7:35 PM","ATL","IND",-10.5,193,"ATL",101.75,"IND",91.25
"20141101MIN","20141101","8:05 PM","MIN","CHI",-2,190.5,"CHI",96.25,"MIN",94.25
"20141101HOU","20141101","8:05 PM","HOU","BOS",-7,208.5,"HOU",107.75,"BOS",100.75
"20141101OKC","20141101","8:05 PM","OKC","DEN",-4.5,193,"DEN",98.75,"OKC",94.25
"20141101UTA","20141101","9:05 PM","UTA","PHX",-2,203.5,"PHX",102.75,"UTA",100.75
"20141101GSW","20141101","10:35 PM","GSW","LAL",-14,210.5,"GSW",112.25,"LAL",98.25
"20141102LAC","20141102","3:35 PM","LAC","SAC",-9.5,205,"LAC",107.25,"SAC",97.75
"20141102MIA","20141102","6:05 PM","MIA","TOR",-2,197.5,"MIA",99.75,"TOR",97.75
"20141102NYK","20141102","7:35 PM","NYK","CHA",-3.5,185.5,"NYK",94.5,"CHA",91
"20141102POR","20141102","9:05 PM","POR","GSW",-3.5,208.5,"POR",106,"GSW",102.5
"20141103PHI","20141103","7:05 PM","PHI","HOU",-11.5,200,"HOU",105.75,"PHI",94.25
"20141103BKN","20141103","7:35 PM","BKN","OKC",-6.5,192.5,"BKN",99.5,"OKC",93
"20141103MEM","20141103","8:05 PM","MEM","NOP",-4,187.5,"MEM",95.75,"NOP",91.75
"20141103DAL","20141103","8:35 PM","DAL","BOS",-9.5,208.5,"DAL",109,"BOS",99.5
"20141103DEN","20141103","9:05 PM","DEN","SAC",-6.5,202,"DEN",104.25,"SAC",97.75
"20141103LAC","20141103","10:35 PM","LAC","UTA",-9.5,204,"LAC",106.75,"UTA",97.25
"20141104IND","20141104","7:05 PM","IND","MIL",-4,191.5,"IND",97.75,"MIL",93.75
"20141104TOR","20141104","7:35 PM","TOR","OKC",-11.5,192.5,"TOR",102,"OKC",90.5
"20141104NYK","20141104","7:35 PM","NYK","WAS",-1.5,191,"WAS",96.25,"NYK",94.75
"20141104MIA","20141104","7:35 PM","MIA","HOU",-2.5,204.5,"MIA",103.5,"HOU",101
"20141104CHI","20141104","8:05 PM","CHI","ORL",-10,189,"CHI",99.5,"ORL",89.5
"20141104NOP","20141104","8:05 PM","NOP","CHA",-4,190,"NOP",97,"CHA",93
"20141104POR","20141104","10:05 PM","POR","CLE",-2.5,207.5,"CLE",105,"POR",102.5
"20141104LAL","20141104","10:35 PM","LAL","PHX",-6,212.5,"PHX",109.25,"LAL",103.25
"20141105PHI","20141105","7:05 PM","PHI","ORL",-2.5,196.5,"ORL",99.5,"PHI",97
"20141105CHA","20141105","7:05 PM","CHA","MIA",-1,190,"CHA",95.5,"MIA",94.5
"20141105BOS","20141105","7:35 PM","BOS","TOR",-2,203.5,"BOS",102.75,"TOR",100.75
"20141105BKN","20141105","7:35 PM","BKN","MIN",-5,208,"BKN",106.5,"MIN",101.5
"20141105DET","20141105","7:35 PM","DET","NYK",-4,186,"DET",95,"NYK",91
"20141105WAS","20141105","8:05 PM","WAS","IND",-9.5,187.5,"WAS",98.5,"IND",89
"20141105MIL","20141105","8:05 PM","MIL","CHI",-5,191,"CHI",98,"MIL",93
"20141105SAS","20141105","8:35 PM","SAS","ATL",-8,201.5,"SAS",104.75,"ATL",96.75
"20141105PHX","20141105","9:05 PM","PHX","MEM",-1.5,192.5,"PHX",97,"MEM",95.5
"20141105UTA","20141105","9:05 PM","UTA","CLE",-5.5,207,"CLE",106.25,"UTA",100.75
"20141105SAC","20141105","10:05 PM","SAC","DEN",-3.5,206,"SAC",104.75,"DEN",101.25
"20141105GSW","20141105","10:35 PM","GSW","LAC",-5,211,"GSW",108,"LAC",103
"20141106HOU","20141106","8:05 PM","HOU","SAS",-6.5,196.5,"HOU",101.5,"SAS",95
"20141106POR","20141106","10:35 PM","POR","DAL",-2,209.5,"POR",105.75,"DAL",103.75
"20141107CHA","20141107","7:05 PM","CHA","ATL",-1.5,194,"CHA",97.75,"ATL",96.25
"20141107ORL","20141107","7:05 PM","ORL","MIN",-4,203.5,"MIN",103.75,"ORL",99.75
"20141107PHI","20141107","7:05 PM","PHI","CHI",-10,189,"CHI",99.5,"PHI",89.5
"20141107BOS","20141107","7:35 PM","BOS","IND",-5.5,191,"BOS",98.25,"IND",92.75
"20141107BKN","20141107","7:35 PM","BKN","NYK",-6,193,"BKN",99.5,"NYK",93.5
"20141107DET","20141107","7:35 PM","DET","MIL",-5,195,"DET",100,"MIL",95
"20141107TOR","20141107","7:35 PM","TOR","WAS",-4,195,"TOR",99.5,"WAS",95.5
"20141107OKC","20141107","8:05 PM","OKC","MEM",-7,181.5,"MEM",94.25,"OKC",87.25
"20141107PHX","20141107","9:05 PM","PHX","SAC",-5,208.5,"PHX",106.75,"SAC",101.75
"20141107UTA","20141107","9:05 PM","UTA","DAL",-3,205,"DAL",104,"UTA",101
"20141107DEN","20141107","10:35 PM","DEN","CLE",-6.5,211,"CLE",108.75,"DEN",102.25
"20141108LAC","20141108","3:35 PM","LAC","POR",-4.5,204.5,"LAC",104.5,"POR",100
"20141108IND","20141108","7:05 PM","IND","WAS",-3.5,183.5,"WAS",93.5,"IND",90
"20141108ATL","20141108","7:35 PM","ATL","NYK",-6.5,194.5,"ATL",100.5,"NYK",94
"20141108MIA","20141108","7:35 PM","MIA","MIN",-8,205,"MIA",106.5,"MIN",98.5
"20141108CHI","20141108","8:05 PM","CHI","BOS",-9.5,194,"CHI",101.75,"BOS",92.25
"20141108HOU","20141108","8:05 PM","HOU","GSW",-3.5,209,"GSW",106.25,"HOU",102.75
"20141108MIL","20141108","8:35 PM","MIL","MEM",-5,187,"MEM",96,"MIL",91
"20141108SAS","20141108","8:35 PM","SAS","NOP",-6.5,195.5,"SAS",101,"NOP",94.5
"20141109BKN","20141109","3:35 PM","BKN","ORL",-9,198.5,"BKN",103.75,"ORL",94.75
"20141109DET","20141109","6:05 PM","DET","UTA",-3.5,192.5,"DET",98,"UTA",94.5
"20141109OKC","20141109","7:05 PM","OKC","SAC",-2,190,"SAC",96,"OKC",94
"20141109TOR","20141109","7:05 PM","TOR","PHI",-13.5,205,"TOR",109.25,"PHI",95.75
"20141109DAL","20141109","7:35 PM","DAL","MIA",-8,205,"DAL",106.5,"MIA",98.5
"20141109PHX","20141109","8:05 PM","PHX","GSW",-2.5,209,"PHX",105.75,"GSW",103.25
"20141109POR","20141109","9:05 PM","POR","DEN",-9,207.5,"POR",108.25,"DEN",99.25
"20141109LAL","20141109","9:35 PM","LAL","CHA",-2.5,202,"CHA",102.25,"LAL",99.75
"20141110CLE","20141110","7:05 PM","CLE","NOP",-5.5,202,"CLE",103.75,"NOP",98.25
"20141110IND","20141110","7:05 PM","IND","UTA",-3,187,"IND",95,"UTA",92
"20141110NYK","20141110","7:35 PM","NYK","ATL",-2,197.5,"ATL",99.75,"NYK",97.75
"20141110CHI","20141110","8:05 PM","CHI","DET",-9.5,191,"CHI",100.25,"DET",90.75
"20141110LAC","20141110","10:35 PM","LAC","SAS",-1.5,202.5,"LAC",102,"SAS",100.5
"20141111TOR","20141111","7:35 PM","TOR","ORL",-10.5,198,"TOR",104.25,"ORL",93.75
"20141111MEM","20141111","8:05 PM","MEM","LAL",-10,196.5,"MEM",103.25,"LAL",93.25
"20141111MIL","20141111","8:05 PM","MIL","OKC",-2,191,"MIL",96.5,"OKC",94.5
"20141111DAL","20141111","8:35 PM","DAL","SAC",-7.5,205.5,"DAL",106.5,"SAC",99
"20141111POR","20141111","10:05 PM","POR","CHA",-6.5,192.5,"POR",99.5,"CHA",93
"20141111GSW","20141111","10:35 PM","GSW","SAS",-7,200.5,"GSW",103.75,"SAS",96.75
"20141112WAS","20141112","7:05 PM","WAS","DET",-6,191,"WAS",98.5,"DET",92.5
"20141112ATL","20141112","7:35 PM","ATL","UTA",-7,197.5,"ATL",102.25,"UTA",95.25
"20141112BOS","20141112","7:35 PM","BOS","OKC",-7.5,197,"BOS",102.25,"OKC",94.75
"20141112MIA","20141112","7:35 PM","MIA","IND",-8.5,187.5,"MIA",98,"IND",89.5
"20141112NYK","20141112","7:35 PM","NYK","ORL",-6.5,191,"NYK",98.75,"ORL",92.25
"20141112NOP","20141112","8:05 PM","NOP","LAL",-10.5,210,"NOP",110.25,"LAL",99.75
"20141112DEN","20141112","9:05 PM","DEN","POR",-2.5,208.5,"DEN",105.5,"POR",103
"20141112PHX","20141112","9:05 PM","PHX","BKN",-4.5,207,"PHX",105.75,"BKN",101.25
"20141112MIN","20141112","10:05 PM","MIN","HOU",-6.5,201,"HOU",103.75,"MIN",97.25
"20141113TOR","20141113","8:05 PM","TOR","CHI",-2.5,196.5,"TOR",99.5,"CHI",97
"20141113MEM","20141113","8:05 PM","MEM","SAC",-5.5,188.5,"MEM",97,"SAC",91.5
"20141113DAL","20141113","8:35 PM","DAL","PHI",-13.5,211,"DAL",112.25,"PHI",98.75
"20141113GSW","20141113","10:35 PM","GSW","BKN",-10.5,211.5,"GSW",111,"BKN",100.5
"20141114ORL","20141114","7:05 PM","ORL","MIL",-2.5,194,"ORL",98.25,"MIL",95.75
"20141114IND","20141114","7:05 PM","IND","DEN",-2.5,201,"IND",101.75,"DEN",99.25
"20141114ATL","20141114","7:35 PM","ATL","MIA",-5,193,"ATL",99,"MIA",94
"20141114NYK","20141114","7:35 PM","NYK","UTA",-3.5,191,"NYK",97.25,"UTA",93.75
"20141114BOS","20141114","7:35 PM","BOS","CLE",-6,208.5,"CLE",107.25,"BOS",101.25
"20141114NOP","20141114","8:05 PM","NOP","MIN",-8,205.5,"NOP",106.75,"MIN",98.75
"20141114HOU","20141114","8:05 PM","HOU","PHI",-16.5,205,"HOU",110.75,"PHI",94.25
"20141114OKC","20141114","8:05 PM","OKC","DET",-3,189,"OKC",96,"DET",93
"20141114PHX","20141114","9:05 PM","PHX","CHA",-6.5,200,"PHX",103.25,"CHA",96.75
"20141114LAL","20141114","10:05 PM","LAL","SAS",-8,204.5,"SAS",106.25,"LAL",98.25
"20141115WAS","20141115","7:05 PM","WAS","ORL",-9,194.5,"WAS",101.75,"ORL",92.75
"20141115TOR","20141115","7:35 PM","TOR","UTA",-11.5,201.5,"TOR",106.5,"UTA",95
"20141115CLE","20141115","7:35 PM","CLE","ATL",-7,209,"CLE",108,"ATL",101
"20141115CHI","20141115","8:05 PM","CHI","IND",-9,180.5,"CHI",94.75,"IND",85.75
"20141115MEM","20141115","8:05 PM","MEM","DET",-9.5,186,"MEM",97.75,"DET",88.25
"20141115DAL","20141115","8:35 PM","DAL","MIN",-11.5,210.5,"DAL",111,"MIN",99.5
"20141115SAC","20141115","10:05 PM","SAC","SAS",-1.5,196,"SAS",98.75,"SAC",97.25
"20141115POR","20141115","10:05 PM","POR","BKN",-2.5,204.5,"POR",103.5,"BKN",101
"20141115GSW","20141115","10:35 PM","GSW","CHA",-11.5,201,"GSW",106.25,"CHA",94.75
"20141115LAC","20141115","10:35 PM","LAC","PHX",-7,210.5,"LAC",108.75,"PHX",101.75
"20141116NYK","20141116","1:05 PM","NYK","DEN",-1.5,203.5,"NYK",102.5,"DEN",101
"20141116MIA","20141116","6:05 PM","MIA","MIL",-5,189.5,"MIA",97.25,"MIL",92.25
"20141116OKC","20141116","7:05 PM","OKC","HOU",-5,193,"HOU",99,"OKC",94
"20141116LAL","20141116","9:35 PM","LAL","GSW",-8,212.5,"GSW",110.25,"LAL",102.25
"20141117CLE","20141117","7:05 PM","CLE","DEN",-11.5,218,"CLE",114.75,"DEN",103.25
"20141117CHA","20141117","7:05 PM","CHA","DAL",-4,198,"DAL",101,"CHA",97
"20141117DET","20141117","7:35 PM","DET","ORL",-4.5,192.5,"DET",98.5,"ORL",94
"20141117BKN","20141117","7:35 PM","BKN","MIA",-8,196,"BKN",102,"MIA",94
"20141117BOS","20141117","7:35 PM","BOS","PHX",-1.5,215.5,"PHX",108.5,"BOS",107
"20141117MEM","20141117","8:05 PM","MEM","HOU",-4.5,188.5,"MEM",96.5,"HOU",92
"20141117SAS","20141117","8:35 PM","SAS","PHI",-16.5,196,"SAS",106.25,"PHI",89.75
"20141117POR","20141117","10:05 PM","POR","NOP",-3.5,204,"POR",103.75,"NOP",100.25
"20141117LAC","20141117","10:35 PM","LAC","CHI",-7,199,"LAC",103,"CHI",96
"20141118ATL","20141118","7:35 PM","ATL","LAL",-8.5,211,"ATL",109.75,"LAL",101.25
"20141118MIL","20141118","8:05 PM","MIL","NYK",-1.5,193,"MIL",97.25,"NYK",95.75
"20141118UTA","20141118","9:05 PM","UTA","OKC",-3,186,"UTA",94.5,"OKC",91.5
"20141118SAC","20141118","10:05 PM","SAC","NOP",-3,204,"SAC",103.5,"NOP",100.5
"20141119WAS","20141119","7:05 PM","WAS","DAL",-2.5,204,"DAL",103.25,"WAS",100.75
"20141119CLE","20141119","7:05 PM","CLE","SAS",-1.5,200,"CLE",100.75,"SAS",99.25
"20141119ORL","20141119","7:05 PM","ORL","LAC",-5,203.5,"LAC",104.25,"ORL",99.25
"20141119PHI","20141119","7:05 PM","PHI","BOS",-6.5,213.5,"BOS",110,"PHI",103.5
"20141119IND","20141119","7:05 PM","IND","CHA",-2,179.5,"IND",90.75,"CHA",88.75
"20141119DET","20141119","7:35 PM","DET","PHX",-2.5,204,"PHX",103.25,"DET",100.75
"20141119BKN","20141119","7:35 PM","BKN","MIL",-6.5,198.5,"BKN",102.5,"MIL",96
"20141119TOR","20141119","7:35 PM","TOR","MEM",-6,192.5,"TOR",99.25,"MEM",93.25
"20141119MIN","20141119","8:05 PM","MIN","NYK",-1,201.5,"MIN",101.25,"NYK",100.25
"20141119DEN","20141119","9:05 PM","DEN","OKC",-7,199,"DEN",103,"OKC",96
"20141119HOU","20141119","9:35 PM","HOU","LAL",-9.5,210.5,"HOU",110,"LAL",100.5
"20141120MIA","20141120","8:10 PM","MIA","LAC",-4,197.5,"LAC",100.75,"MIA",96.75
"20141120SAC","20141120","10:35 PM","SAC","CHI",-3,194.5,"SAC",98.75,"CHI",95.75
"20141121PHI","20141121","7:05 PM","PHI","PHX",-9,208.5,"PHX",108.75,"PHI",99.75
"20141121CHA","20141121","7:05 PM","CHA","ORL",-4,191,"CHA",97.5,"ORL",93.5
"20141121ATL","20141121","7:35 PM","ATL","DET",-6,197.5,"ATL",101.75,"DET",95.75
"20141121TOR","20141121","7:35 PM","TOR","MIL",-8.5,200,"TOR",104.25,"MIL",95.75
"20141121WAS","20141121","8:05 PM","WAS","CLE",-1,205,"CLE",103,"WAS",102
"20141121MEM","20141121","8:05 PM","MEM","BOS",-6.5,199.5,"MEM",103,"BOS",96.5
"20141121MIN","20141121","8:05 PM","MIN","SAS",-11.5,202.5,"SAS",107,"MIN",95.5
"20141121OKC","20141121","8:05 PM","OKC","BKN",-1.5,187.5,"OKC",94.5,"BKN",93
"20141121DAL","20141121","8:35 PM","DAL","LAL",-11,215,"DAL",113,"LAL",102
"20141121DEN","20141121","9:05 PM","DEN","NOP",-2.5,214.5,"NOP",108.5,"DEN",106
"20141121GSW","20141121","10:35 PM","GSW","UTA",-12.5,207.5,"GSW",110,"UTA",97.5
"20141121POR","20141121","10:35 PM","POR","CHI",-8,195,"POR",101.5,"CHI",93.5
"20141122ORL","20141122","7:05 PM","ORL","MIA",-1.5,191.5,"MIA",96.5,"ORL",95
"20141122IND","20141122","7:05 PM","IND","PHX",-2,196,"PHX",99,"IND",97
"20141122CLE","20141122","7:35 PM","CLE","TOR",-3,203.5,"CLE",103.25,"TOR",100.25
"20141122NYK","20141122","7:35 PM","NYK","PHI",-11,198.5,"NYK",104.75,"PHI",93.75
"20141122MIN","20141122","8:05 PM","MIN","SAC",-8.5,212,"SAC",110.25,"MIN",101.75
"20141122HOU","20141122","8:05 PM","HOU","DAL",-4,205,"DAL",104.5,"HOU",100.5
"20141122SAS","20141122","8:35 PM","SAS","BKN",-10,194,"SAS",102,"BKN",92
"20141122MIL","20141122","8:35 PM","MIL","WAS",-3,194,"WAS",98.5,"MIL",95.5
"20141122UTA","20141122","9:05 PM","UTA","NOP",-2.5,199,"NOP",100.75,"UTA",98.25
"20141123BOS","20141123","6:05 PM","BOS","POR",-4.5,209.5,"POR",107,"BOS",102.5
"20141123MIA","20141123","6:05 PM","MIA","CHA",-1,185.5,"MIA",93.25,"CHA",92.25
"20141123MEM","20141123","6:05 PM","MEM","LAC",-2,198,"MEM",100,"LAC",98
"20141123OKC","20141123","7:05 PM","OKC","GSW",-8,197.5,"GSW",102.75,"OKC",94.75
"20141123LAL","20141123","9:35 PM","LAL","DEN",-1.5,220.5,"DEN",111,"LAL",109.5
"20141124CLE","20141124","7:05 PM","CLE","ORL",-11,200,"CLE",105.5,"ORL",94.5
"20141124PHI","20141124","7:05 PM","PHI","POR",-13,198.5,"POR",105.75,"PHI",92.75
"20141124CHA","20141124","7:05 PM","CHA","LAC",-4,199,"LAC",101.5,"CHA",97.5
"20141124TOR","20141124","7:35 PM","TOR","PHX",-4.5,210.5,"TOR",107.5,"PHX",103
"20141124HOU","20141124","8:05 PM","HOU","NYK",-6,191,"HOU",98.5,"NYK",92.5
"20141124DAL","20141124","8:35 PM","DAL","IND",-14,197.5,"DAL",105.75,"IND",91.75
"20141124UTA","20141124","9:05 PM","UTA","CHI",-3.5,193,"CHI",98.25,"UTA",94.75
"20141125WAS","20141125","7:05 PM","WAS","ATL",-4,200.5,"WAS",102.25,"ATL",98.25
"20141125MIA","20141125","7:35 PM","MIA","GSW",-7.5,201.5,"GSW",104.5,"MIA",97
"20141125MIL","20141125","8:05 PM","MIL","DET",-3.5,190,"MIL",96.75,"DET",93.25
"20141125NOP","20141125","8:05 PM","NOP","SAC",-6,200.5,"NOP",103.25,"SAC",97.25
"20141125DEN","20141125","9:05 PM","DEN","CHI",-4.5,204.5,"DEN",104.5,"CHI",100
"20141126PHI","20141126","7:05 PM","PHI","BKN",-7,199.5,"BKN",103.25,"PHI",96.25
"20141126CLE","20141126","7:05 PM","CLE","WAS",-7.5,201,"CLE",104.25,"WAS",96.75
"20141126ORL","20141126","7:05 PM","ORL","GSW",-7.5,203,"GSW",105.25,"ORL",97.75
"20141126CHA","20141126","7:05 PM","CHA","POR",-5.5,192,"POR",98.75,"CHA",93.25
"20141126DET","20141126","7:35 PM","DET","LAC",-8.5,198.5,"LAC",103.5,"DET",95
"20141126ATL","20141126","7:35 PM","ATL","TOR",-3.5,204.5,"TOR",104,"ATL",100.5
"20141126DAL","20141126","7:35 PM","DAL","NYK",-14,200,"DAL",107,"NYK",93
"20141126MIN","20141126","8:05 PM","MIN","MIL",-1.5,205.5,"MIL",103.5,"MIN",102
"20141126HOU","20141126","8:05 PM","HOU","SAC",-5,194,"HOU",99.5,"SAC",94.5
"20141126OKC","20141126","8:05 PM","OKC","UTA",-4.5,185,"OKC",94.75,"UTA",90.25
"20141126SAS","20141126","8:35 PM","SAS","IND",-13,187,"SAS",100,"IND",87
"20141126PHX","20141126","9:05 PM","PHX","DEN",-7.5,215.5,"PHX",111.5,"DEN",104
"20141126LAL","20141126","10:35 PM","LAL","MEM",-7,201.5,"MEM",104.25,"LAL",97.25
"20141128BOS","20141128","1:05 PM","BOS","CHI",-3.5,205,"CHI",104.25,"BOS",100.75
"20141128CHA","20141128","7:05 PM","CHA","GSW",-8.5,201,"GSW",104.75,"CHA",96.25
"20141128ATL","20141128","7:35 PM","ATL","NOP",-2.5,204.5,"ATL",103.5,"NOP",101
"20141128TOR","20141128","7:35 PM","TOR","DAL",-3.5,211,"TOR",107.25,"DAL",103.75
"20141128DET","20141128","7:35 PM","DET","MIL",-2,191,"DET",96.5,"MIL",94.5
"20141128IND","20141128","8:05 PM","IND","ORL",-4.5,191,"IND",97.75,"ORL",93.25
"20141128HOU","20141128","8:05 PM","HOU","LAC",-4.5,201,"LAC",102.75,"HOU",98.25
"20141128OKC","20141128","8:05 PM","OKC","NYK",-8,186,"OKC",97,"NYK",89
"20141128SAS","20141128","8:35 PM","SAS","SAC",-10.5,194.5,"SAS",102.5,"SAC",92
"20141128DEN","20141128","9:05 PM","DEN","PHX",-2,215.5,"DEN",108.75,"PHX",106.75
"20141128POR","20141128","10:05 PM","POR","MEM",-3.5,194,"POR",98.75,"MEM",95.25
"20141128LAL","20141128","10:35 PM","LAL","MIN",-6,213,"LAL",109.5,"MIN",103.5
"20141129WAS","20141129","7:05 PM","WAS","NOP",-4,198.5,"WAS",101.25,"NOP",97.25
"20141129PHI","20141129","7:05 PM","PHI","DAL",-12.5,203,"DAL",107.75,"PHI",95.25
"20141129CLE","20141129","7:35 PM","CLE","IND",-10,196,"CLE",103,"IND",93
"20141129ATL","20141129","7:35 PM","ATL","CHA",-7,197.5,"ATL",102.25,"CHA",95.25
"20141129MIL","20141129","9:05 PM","MIL","HOU",-3.5,191.5,"MIL",97.5,"HOU",94
"20141129UTA","20141129","9:05 PM","UTA","LAC",-5,203.5,"LAC",104.25,"UTA",99.25
"20141130BOS","20141130","1:05 PM","BOS","SAS",-7.5,204.5,"SAS",106,"BOS",98.5
"20141130BKN","20141130","3:05 PM","BKN","CHI",-2.5,193.5,"CHI",98,"BKN",95.5
"20141130DET","20141130","3:35 PM","DET","GSW",-8.5,202,"GSW",105.25,"DET",96.75
"20141130SAC","20141130","6:05 PM","SAC","MEM",-5,193.5,"MEM",99.25,"SAC",94.25
"20141130NYK","20141130","7:35 PM","NYK","MIA",-3,189.5,"MIA",96.25,"NYK",93.25
"20141130PHX","20141130","8:05 PM","PHX","ORL",-9.5,204.5,"PHX",107,"ORL",97.5
"20141130POR","20141130","9:05 PM","POR","MIN",-14,212.5,"POR",113.25,"MIN",99.25
"20141130LAL","20141130","9:35 PM","LAL","TOR",-7,209.5,"TOR",108.25,"LAL",101.25
"20141201WAS","20141201","7:05 PM","WAS","MIA",-4.5,190.5,"WAS",97.5,"MIA",93
"20141201PHI","20141201","7:05 PM","PHI","SAS",-11.5,195,"SAS",103.25,"PHI",91.75
"20141201UTA","20141201","9:05 PM","UTA","DEN",-3.5,206,"DEN",104.75,"UTA",101.25
"20141201LAC","20141201","10:35 PM","LAC","MIN",-15,216,"LAC",115.5,"MIN",100.5
"20141202CLE","20141202","7:05 PM","CLE","MIL",-10.5,201,"CLE",105.75,"MIL",95.25
"20141202ATL","20141202","7:35 PM","ATL","BOS",-7,211,"ATL",109,"BOS",102
"20141202DET","20141202","7:35 PM","DET","LAL",-2,206.5,"DET",104.25,"LAL",102.25
"20141202NYK","20141202","7:35 PM","NYK","BKN",-1,193.5,"BKN",97.25,"NYK",96.25
"20141202NOP","20141202","8:05 PM","NOP","OKC",-3.5,197,"OKC",100.25,"NOP",96.75
"20141202CHI","20141202","8:05 PM","CHI","DAL",-1,203.5,"CHI",102.25,"DAL",101.25
"20141202DEN","20141202","9:05 PM","DEN","POR",-3,211.5,"POR",107.25,"DEN",104.25
"20141202PHX","20141202","9:05 PM","PHX","IND",-5,196.5,"PHX",100.75,"IND",95.75
"20141202SAC","20141202","10:05 PM","SAC","TOR",-2.5,203.5,"TOR",103,"SAC",100.5
"20141202GSW","20141202","10:35 PM","GSW","ORL",-14.5,201.5,"GSW",108,"ORL",93.5
"20141203CHA","20141203","7:05 PM","CHA","CHI",-3.5,191,"CHI",97.25,"CHA",93.75
"20141203WAS","20141203","7:05 PM","WAS","LAL",-8.5,208,"WAS",108.25,"LAL",99.75
"20141203BOS","20141203","7:35 PM","BOS","DET",-4.5,202,"BOS",103.25,"DET",98.75
"20141203BKN","20141203","7:35 PM","BKN","SAS",-8.5,198,"SAS",103.25,"BKN",94.75
"20141203MIA","20141203","7:35 PM","MIA","ATL",-4.5,199.5,"MIA",102,"ATL",97.5
"20141203MIL","20141203","8:05 PM","MIL","DAL",-4,205.5,"DAL",104.75,"MIL",100.75
"20141203HOU","20141203","8:05 PM","HOU","MEM",-5,189.5,"MEM",97.25,"HOU",92.25
"20141203MIN","20141203","8:05 PM","MIN","PHI",-7,212,"MIN",109.5,"PHI",102.5
"20141203UTA","20141203","9:05 PM","UTA","TOR",-3.5,201,"TOR",102.25,"UTA",98.75
"20141203LAC","20141203","10:35 PM","LAC","ORL",-15,202,"LAC",108.5,"ORL",93.5
"20141204NYK","20141204","8:05 PM","NYK","CLE",-7.5,198.5,"CLE",103,"NYK",95.5
"20141204POR","20141204","10:05 PM","POR","IND",-8.5,193.5,"POR",101,"IND",92.5
"20141204GSW","20141204","10:35 PM","GSW","NOP",-9.5,206.5,"GSW",108,"NOP",98.5
"20141205WAS","20141205","7:05 PM","WAS","DEN",-4.5,208,"WAS",106.25,"DEN",101.75
"20141205PHI","20141205","7:05 PM","PHI","OKC",-13.5,199.5,"OKC",106.5,"PHI",93
"20141205CHA","20141205","7:05 PM","CHA","NYK",-5,190,"CHA",97.5,"NYK",92.5
"20141205BKN","20141205","7:35 PM","BKN","ATL",-1,201,"ATL",101,"BKN",100
"20141205TOR","20141205","7:35 PM","TOR","CLE",-4.5,209.5,"TOR",107,"CLE",102.5
"20141205BOS","20141205","7:35 PM","BOS","LAL",-3,219,"BOS",111,"LAL",108
"20141205MEM","20141205","8:05 PM","MEM","SAS",-1.5,191,"MEM",96.25,"SAS",94.75
"20141205MIN","20141205","8:05 PM","MIN","HOU",-7,205,"HOU",106,"MIN",99
"20141205DAL","20141205","8:35 PM","DAL","PHX",-5.5,216,"DAL",110.75,"PHX",105.25
"20141205MIL","20141205","8:35 PM","MIL","MIA",-1.5,196,"MIA",98.75,"MIL",97.25
"20141205UTA","20141205","9:05 PM","UTA","ORL",-5,191.5,"UTA",98.25,"ORL",93.25
"20141205SAC","20141205","10:05 PM","SAC","IND",-3,191,"SAC",97,"IND",94
"20141206DET","20141206","7:35 PM","DET","PHI",-9.5,194.5,"DET",102,"PHI",92.5
"20141206HOU","20141206","8:05 PM","HOU","PHX",-2,206.5,"PHX",104.25,"HOU",102.25
"20141206CHI","20141206","8:05 PM","CHI","GSW",-2.5,204,"GSW",103.25,"CHI",100.75
"20141206SAS","20141206","8:35 PM","SAS","MIN",-14,202,"SAS",108,"MIN",94
"20141206SAC","20141206","10:05 PM","SAC","ORL",-6,196,"SAC",101,"ORL",95
"20141206LAC","20141206","10:35 PM","LAC","NOP",-9,207.5,"LAC",108.25,"NOP",99.25
"20141207BOS","20141207","1:05 PM","BOS","WAS",-3.5,203,"WAS",103.25,"BOS",99.75
"20141207ATL","20141207","3:35 PM","ATL","DEN",-6,211,"ATL",108.5,"DEN",102.5
"20141207DET","20141207","6:05 PM","DET","OKC",-10,194,"OKC",102,"DET",92
"20141207MEM","20141207","6:05 PM","MEM","MIA",-8,191.5,"MEM",99.75,"MIA",91.75
"20141207DAL","20141207","7:35 PM","DAL","MIL",-9,210.5,"DAL",109.75,"MIL",100.75
"20141207NYK","20141207","7:35 PM","NYK","POR",-6.5,194.5,"POR",100.5,"NYK",94
"20141207LAL","20141207","9:35 PM","LAL","NOP",-2.5,207,"NOP",104.75,"LAL",102.25
"20141208WAS","20141208","7:05 PM","WAS","BOS",-8.5,204.5,"WAS",106.5,"BOS",98
"20141208IND","20141208","7:05 PM","IND","ATL",-1,194,"IND",97.5,"ATL",96.5
"20141208BKN","20141208","7:35 PM","BKN","CLE",-8,196.5,"CLE",102.25,"BKN",94.25
"20141208TOR","20141208","7:35 PM","TOR","DEN",-10,214,"TOR",112,"DEN",102
"20141208MIN","20141208","8:05 PM","MIN","GSW",-14.5,214,"GSW",114.25,"MIN",99.75
"20141208SAC","20141208","10:05 PM","SAC","UTA",-5,197,"SAC",101,"UTA",96
"20141208LAC","20141208","10:35 PM","LAC","PHX",-7.5,216,"LAC",111.75,"PHX",104.25
"20141209CLE","20141209","7:05 PM","CLE","TOR",-6,205.5,"CLE",105.75,"TOR",99.75
"20141209DET","20141209","7:35 PM","DET","POR",-7.5,196.5,"POR",102,"DET",94.5
"20141209MEM","20141209","8:05 PM","MEM","DAL",-2.5,203,"MEM",102.75,"DAL",100.25
"20141209NOP","20141209","8:05 PM","NOP","NYK",-6.5,195,"NOP",100.75,"NYK",94.25
"20141209OKC","20141209","8:05 PM","OKC","MIL",-10,202,"OKC",106,"MIL",96
"20141209UTA","20141209","9:05 PM","UTA","SAS",-9,194,"SAS",101.5,"UTA",92.5
"20141209PHX","20141209","9:05 PM","PHX","MIA",-4.5,202.5,"PHX",103.5,"MIA",99
"20141209LAL","20141209","10:35 PM","LAL","SAC",-3.5,209,"LAL",106.25,"SAC",102.75
"20141210IND","20141210","7:05 PM","IND","LAC",-6.5,199.5,"LAC",103,"IND",96.5
"20141210ORL","20141210","7:05 PM","ORL","WAS",-5.5,194.5,"WAS",100,"ORL",94.5
"20141210CHA","20141210","7:05 PM","CHA","BOS",-3,205,"CHA",104,"BOS",101
"20141210ATL","20141210","7:35 PM","ATL","PHI",-13,202,"ATL",107.5,"PHI",94.5
"20141210SAS","20141210","8:35 PM","SAS","NYK",-10,190,"SAS",100,"NYK",90
"20141210CHI","20141210","8:05 PM","CHI","BKN",-11,193.5,"CHI",102.25,"BKN",91.25
"20141210MIN","20141210","8:05 PM","MIN","POR",-10,206.5,"POR",108.25,"MIN",98.25
"20141210DAL","20141210","8:05 PM","DAL","NOP",-7,209,"DAL",108,"NOP",101
"20141210DEN","20141210","10:35 PM","DEN","MIA",-5.5,202.5,"DEN",104,"MIA",98.5
"20141210GSW","20141210","10:35 PM","GSW","HOU",-9,204.5,"GSW",106.75,"HOU",97.75
"20141211OKC","20141211","8:05 PM","OKC","CLE",-7.5,202,"OKC",104.75,"CLE",97.25
"20141211SAC","20141211","10:35 PM","SAC","HOU",1,196,"HOU",97.5,"SAC",98.5
"20141212CHI","20141212","7:05 PM","CHI","POR",-2.5,197,"CHI",99.75,"POR",97.25
"20141212WAS","20141212","7:05 PM","WAS","LAC",-2.5,205.5,"LAC",104,"WAS",101.5
"20141212BOS","20141212","7:35 PM","BOS","NYK",-6,203,"BOS",104.5,"NYK",98.5
"20141212ATL","20141212","7:35 PM","ATL","ORL",-9,195.5,"ATL",102.25,"ORL",93.25
"20141212TOR","20141212","7:35 PM","TOR","IND",-9,196,"TOR",102.5,"IND",93.5
"20141212BKN","20141212","7:35 PM","BKN","PHI",-6.5,193,"BKN",99.75,"PHI",93.25
"20141212MEM","20141212","8:05 PM","MEM","CHA",-10,190,"MEM",100,"CHA",90
"20141212MIN","20141212","8:05 PM","MIN","OKC",-8,205.5,"OKC",106.75,"MIN",98.75
"20141212NOP","20141212","8:05 PM","NOP","CLE",-1.5,200,"NOP",100.75,"CLE",99.25
"20141212UTA","20141212","9:05 PM","UTA","MIA",-1.5,190,"UTA",95.75,"MIA",94.25
"20141212PHX","20141212","9:05 PM","PHX","DET",-9.5,205.5,"PHX",107.5,"DET",98
"20141212SAS","20141212","9:35 PM","SAS","LAL",-12,206,"SAS",109,"LAL",97
"20141213WAS","20141213","7:05 PM","WAS","MIL",-3.5,200,"WAS",101.75,"MIL",98.25
"20141213BKN","20141213","7:35 PM","BKN","ATL",-4.5,197,"ATL",100.75,"BKN",96.25
"20141213MIA","20141213","7:35 PM","MIA","MIN",-8.5,197,"MIA",102.75,"MIN",94.25
"20141213DET","20141213","7:35 PM","DET","CLE",-4.5,194.5,"CLE",99.5,"DET",95
"20141213NYK","20141213","7:35 PM","NYK","CHA",-1,197,"CHA",99,"NYK",98
"20141213NOP","20141213","8:05 PM","NOP","DEN",-6,205.5,"NOP",105.75,"DEN",99.75
"20141213GSW","20141213","10:35 PM","GSW","TOR",-9.5,207.5,"GSW",108.5,"TOR",99
"20141214WAS","20141214","6:05 PM","WAS","UTA",-11,193.5,"WAS",102.25,"UTA",91.25
"20141214MIA","20141214","6:05 PM","MIA","CHI",-7,193.5,"CHI",100.25,"MIA",93.25
"20141214NOP","20141214","6:05 PM","NOP","GSW",-6,205.5,"GSW",105.75,"NOP",99.75
"20141214MIN","20141214","7:05 PM","MIN","LAL",-4,212,"LAL",108,"MIN",104
"20141214OKC","20141214","7:05 PM","OKC","PHX",-7.5,211,"OKC",109.25,"PHX",101.75
"20141214NYK","20141214","7:35 PM","NYK","TOR",-6.5,200.5,"TOR",103.5,"NYK",97
"20141214DEN","20141214","8:05 PM","DEN","SAS",-5,203,"SAS",104,"DEN",99
"20141215CLE","20141215","7:05 PM","CLE","CHA",-10.5,196.5,"CLE",103.5,"CHA",93
"20141215PHI","20141215","7:05 PM","PHI","BOS",-5,204.5,"BOS",104.75,"PHI",99.75
"20141215IND","20141215","7:05 PM","IND","LAL",-5,198,"IND",101.5,"LAL",96.5
"20141215TOR","20141215","7:35 PM","TOR","ORL",-6.5,197,"TOR",101.75,"ORL",95.25
"20141215ATL","20141215","7:35 PM","ATL","CHI",-2.5,196,"ATL",99.25,"CHI",96.75
"20141215PHX","20141215","9:05 PM","PHX","MIL",-5.5,208.5,"PHX",107,"MIL",101.5
"20141215POR","20141215","10:05 PM","POR","SAS",-8.5,195,"POR",101.75,"SAS",93.25
"20141215LAC","20141215","10:35 PM","LAC","DET",-11.5,204.5,"LAC",108,"DET",96.5
"20141216WAS","20141216","7:05 PM","WAS","MIN",-12,202.5,"WAS",107.25,"MIN",95.25
"20141216BKN","20141216","7:35 PM","BKN","MIA",-6,186,"BKN",96,"MIA",90
"20141216NYK","20141216","8:05 PM","NYK","DAL",-7.5,203.5,"DAL",105.5,"NYK",98
"20141216NOP","20141216","8:05 PM","NOP","UTA",-10,197,"NOP",103.5,"UTA",93.5
"20141216MEM","20141216","8:05 PM","MEM","GSW",-3.5,204,"MEM",103.75,"GSW",100.25
"20141216SAC","20141216","10:35 PM","SAC","OKC",-8,207,"OKC",107.5,"SAC",99.5
"20141217CLE","20141217","7:05 PM","CLE","ATL",-6.5,201,"CLE",103.75,"ATL",97.25
"20141217CHA","20141217","7:05 PM","CHA","PHX",-2.5,202,"PHX",102.25,"CHA",99.75
"20141217MIA","20141217","7:35 PM","MIA","UTA",-3.5,191,"MIA",97.25,"UTA",93.75
"20141217DET","20141217","7:35 PM","DET","DAL",-7,204.5,"DAL",105.75,"DET",98.75
"20141217BOS","20141217","7:35 PM","BOS","ORL",-3.5,200,"BOS",101.75,"ORL",98.25
"20141217TOR","20141217","8:05 PM","TOR","BKN",-12.5,198.5,"TOR",105.5,"BKN",93
"20141217SAS","20141217","8:35 PM","SAS","MEM",-3,191.5,"SAS",97.25,"MEM",94.25
"20141217POR","20141217","10:05 PM","POR","MIL",-10,202,"POR",106,"MIL",96
"20141217DEN","20141217","10:35 PM","DEN","HOU",-3,204.5,"HOU",103.75,"DEN",100.75
"20141217LAC","20141217","10:35 PM","LAC","IND",-11,202,"LAC",106.5,"IND",95.5
"20141218CHI","20141218","8:05 PM","CHI","NYK",-12.5,189,"CHI",100.75,"NYK",88.25
"20141218HOU","20141218","8:35 PM","HOU","NOP",-4.5,200.5,"HOU",102.5,"NOP",98
"20141218SAC","20141218","10:05 PM","SAC","MIL",-7.5,204.5,"SAC",106,"MIL",98.5
"20141218GSW","20141218","10:35 PM","GSW","OKC",-2.5,211.5,"GSW",107,"OKC",104.5
"20141219ORL","20141219","7:05 PM","ORL","UTA",-4,194,"ORL",99,"UTA",95
"20141219PHI","20141219","7:05 PM","PHI","CHA",-4.5,192.5,"CHA",98.5,"PHI",94
"20141219BOS","20141219","7:35 PM","BOS","MIN",-6.5,212,"BOS",109.25,"MIN",102.75
"20141219DET","20141219","7:35 PM","DET","TOR",-7,198,"TOR",102.5,"DET",95.5
"20141219CLE","20141219","7:35 PM","CLE","BKN",-10.5,198,"CLE",104.25,"BKN",93.75
"20141219MIA","20141219","7:35 PM","MIA","WAS",-6,189,"WAS",97.5,"MIA",91.5
"20141219MEM","20141219","8:05 PM","MEM","CHI",-6,191.5,"MEM",98.75,"CHI",92.75
"20141219SAS","20141219","8:05 PM","SAS","POR",-4.5,197,"SAS",100.75,"POR",96.25
"20141219DEN","20141219","9:05 PM","DEN","LAC",-3,215.5,"LAC",109.25,"DEN",106.25
"20141219LAL","20141219","10:35 PM","LAL","OKC",-5.5,204.5,"OKC",105,"LAL",99.5
"20141220NYK","20141220","1:05 PM","NYK","PHX",-6,199,"PHX",102.5,"NYK",96.5
"20141220NOP","20141220","7:05 PM","NOP","POR",-5.5,205.5,"NOP",105.5,"POR",100
"20141220CHA","20141220","7:05 PM","CHA","UTA",-3.5,194.5,"CHA",99,"UTA",95.5
"20141220HOU","20141220","8:05 PM","HOU","ATL",-5,198,"HOU",101.5,"ATL",96.5
"20141220DAL","20141220","8:35 PM","DAL","SAS",-11,206,"DAL",108.5,"SAS",97.5
"20141220DEN","20141220","9:05 PM","DEN","IND",-3,200,"DEN",101.5,"IND",98.5
"20141220LAC","20141220","10:35 PM","LAC","MIL",-10,210,"LAC",110,"MIL",100
"20141221TOR","20141221","3:35 PM","TOR","NYK",-12.5,197.5,"TOR",105,"NYK",92.5
"20141221CLE","20141221","4:35 PM","CLE","MEM",-5,197,"CLE",101,"MEM",96
"20141221BKN","20141221","6:05 PM","BKN","DET",-2,189.5,"BKN",95.75,"DET",93.75
"20141221MIA","20141221","6:05 PM","MIA","BOS",-3.5,197.5,"BOS",100.5,"MIA",97
"20141221ORL","20141221","6:05 PM","ORL","PHI",-8.5,193.5,"ORL",101,"PHI",92.5
"20141221WAS","20141221","6:05 PM","WAS","PHX",-5.5,205.5,"WAS",105.5,"PHX",100
"20141221SAC","20141221","6:05 PM","SAC","LAL",-7.5,206.5,"SAC",107,"LAL",99.5
"20141221MIN","20141221","7:05 PM","MIN","IND",-3.5,195,"IND",99.25,"MIN",95.75
"20141221OKC","20141221","7:05 PM","OKC","NOP",-7,200,"OKC",103.5,"NOP",96.5
"20141222CHA","20141222","7:05 PM","CHA","DEN",-2.5,200.5,"CHA",101.5,"DEN",99
"20141222HOU","20141222","8:05 PM","HOU","POR",-5,198,"HOU",101.5,"POR",96.5
"20141222MEM","20141222","8:05 PM","MEM","UTA",-8,193.5,"MEM",100.75,"UTA",92.75
"20141222CHI","20141222","8:05 PM","CHI","TOR",-4,200.5,"CHI",102.25,"TOR",98.25
"20141222DAL","20141222","8:35 PM","DAL","ATL",-4.5,208.5,"DAL",106.5,"ATL",102
"20141222SAS","20141222","8:35 PM","SAS","LAC",-1,203.5,"SAS",102.25,"LAC",101.25
"20141222GSW","20141222","10:35 PM","GSW","SAC",-11,212,"GSW",111.5,"SAC",100.5
"20141223ORL","20141223","7:05 PM","ORL","BOS",-2,198.5,"ORL",100.25,"BOS",98.25
"20141223WAS","20141223","7:05 PM","WAS","CHI",-2.5,197.5,"WAS",100,"CHI",97.5
"20141223IND","20141223","7:05 PM","IND","NOP",-1.5,194.5,"NOP",98,"IND",96.5
"20141223CLE","20141223","7:05 PM","CLE","MIN",-14,210,"CLE",112,"MIN",98
"20141223BKN","20141223","7:35 PM","BKN","DEN",-4,200,"BKN",102,"DEN",98
"20141223MIA","20141223","7:35 PM","MIA","PHI",-7.5,192,"MIA",99.75,"PHI",92.25
"20141223ATL","20141223","7:35 PM","ATL","LAC",-1.5,209,"ATL",105.25,"LAC",103.75
"20141223OKC","20141223","8:05 PM","OKC","POR",-4.5,201,"OKC",102.75,"POR",98.25
"20141223MIL","20141223","8:05 PM","MIL","CHA",-5.5,197,"MIL",101.25,"CHA",95.75
"20141223PHX","20141223","9:05 PM","PHX","DAL",-1.5,216.5,"PHX",109,"DAL",107.5
"20141223LAL","20141223","10:35 PM","LAL","GSW",-10,216.5,"GSW",113.25,"LAL",103.25
"20141225NYK","20141225","12:00 PM","NYK","WAS",-4.5,192.5,"WAS",98.5,"NYK",94
"20141225SAS","20141225","2:30 PM","SAS","OKC",-6,196.5,"SAS",101.25,"OKC",95.25
"20141225MIA","20141225","5:00 PM","MIA","CLE",-6,196,"CLE",101,"MIA",95
"20141225CHI","20141225","8:05 PM","CHI","LAL",-11.5,206,"CHI",108.75,"LAL",97.25
"20141225LAC","20141225","10:35 PM","LAC","GSW",-2,218.5,"LAC",110.25,"GSW",108.25
"20141226BOS","20141226","1:05 PM","BOS","BKN",-2,201,"BOS",101.5,"BKN",99.5
"20141226ORL","20141226","7:05 PM","ORL","CLE",-3.5,195.5,"CLE",99.5,"ORL",96
"20141226DET","20141226","7:35 PM","DET","IND",-3,194,"IND",98.5,"DET",95.5
"20141226ATL","20141226","7:35 PM","ATL","MIL",-9,205.5,"ATL",107.25,"MIL",98.25
"20141226MEM","20141226","8:05 PM","MEM","HOU",-2,193,"MEM",97.5,"HOU",95.5
"20141226NOP","20141226","8:05 PM","NOP","SAS",-2.5,203,"NOP",102.75,"SAS",100.25
"20141226OKC","20141226","8:05 PM","OKC","CHA",-6.5,197.5,"OKC",102,"CHA",95.5
"20141226DAL","20141226","8:35 PM","DAL","LAL",-13,214.5,"DAL",113.75,"LAL",100.75
"20141226DEN","20141226","9:05 PM","DEN","MIN",-10,212.5,"DEN",111.25,"MIN",101.25
"20141226POR","20141226","10:05 PM","POR","PHI",-12.5,198,"POR",105.25,"PHI",92.75
"20141226SAC","20141226","10:05 PM","SAC","PHX",-5,212.5,"PHX",108.75,"SAC",103.75
"20141227LAC","20141227","3:35 PM","LAC","TOR",-4.5,214,"LAC",109.25,"TOR",104.75
"20141227CHA","20141227","7:05 PM","CHA","ORL",-6,186.5,"CHA",96.25,"ORL",90.25
"20141227WAS","20141227","7:05 PM","WAS","BOS",-9.5,205.5,"WAS",107.5,"BOS",98
"20141227MIA","20141227","7:35 PM","MIA","MEM",-3.5,189.5,"MEM",96.5,"MIA",93
"20141227CHI","20141227","8:05 PM","CHI","NOP",-10,201,"CHI",105.5,"NOP",95.5
"20141227BKN","20141227","8:05 PM","BKN","IND",-3,191,"BKN",97,"IND",94
"20141227MIL","20141227","8:35 PM","MIL","ATL",-4.5,204.5,"ATL",104.5,"MIL",100
"20141227UTA","20141227","9:05 PM","UTA","PHI",-10,197,"UTA",103.5,"PHI",93.5
"20141227SAC","20141227","10:05 PM","SAC","NYK",-6,202.5,"SAC",104.25,"NYK",98.25
"20141227GSW","20141227","10:35 PM","GSW","MIN",-18.5,216.5,"GSW",117.5,"MIN",99
"20141228CLE","20141228","4:35 PM","CLE","DET",-7.5,204.5,"CLE",106,"DET",98.5
"20141228SAS","20141228","7:05 PM","SAS","HOU",-1.5,199.5,"SAS",100.5,"HOU",99
"20141228DAL","20141228","7:35 PM","DAL","OKC",-2,210,"DAL",106,"OKC",104
"20141228DEN","20141228","9:05 PM","DEN","TOR",-2.5,214,"TOR",108.25,"DEN",105.75
"20141228POR","20141228","9:05 PM","POR","NYK",-11.5,203.5,"POR",107.5,"NYK",96
"20141228LAL","20141228","9:35 PM","LAL","PHX",-5,216.5,"PHX",110.75,"LAL",105.75
"20141229IND","20141229","7:05 PM","IND","CHI",-4.5,193.5,"CHI",99,"IND",94.5
"20141229CHA","20141229","7:05 PM","CHA","MIL",-3,198.5,"CHA",100.75,"MIL",97.75
"20141229MIA","20141229","7:35 PM","MIA","ORL",-5.5,189.5,"MIA",97.5,"ORL",92
"20141229BKN","20141229","7:35 PM","BKN","SAC",-1,203.5,"BKN",102.25,"SAC",101.25
"20141229HOU","20141229","8:05 PM","HOU","WAS",-3.5,200.5,"HOU",102,"WAS",98.5
"20141229LAC","20141229","10:35 PM","LAC","UTA",-12,202.5,"LAC",107.25,"UTA",95.25
"20141230ORL","20141230","7:05 PM","ORL","DET",-1.5,197.5,"DET",99.5,"ORL",98
"20141230ATL","20141230","7:35 PM","ATL","CLE",-7,202,"ATL",104.5,"CLE",97.5
"20141230MEM","20141230","8:05 PM","MEM","SAS",-1,195,"MEM",98,"SAS",97
"20141230CHI","20141230","8:05 PM","CHI","BKN",-10,197,"CHI",103.5,"BKN",93.5
"20141230NOP","20141230","8:05 PM","NOP","PHX",-1.5,213,"NOP",107.25,"PHX",105.75
"20141230DAL","20141230","8:35 PM","DAL","WAS",-5,209.5,"DAL",107.25,"WAS",102.25
"20141230UTA","20141230","9:05 PM","UTA","MIN",-7,202.5,"UTA",104.75,"MIN",97.75
"20141230DEN","20141230","9:05 PM","DEN","LAL",-5.5,214,"DEN",109.75,"LAL",104.25
"20141230POR","20141230","10:05 PM","POR","TOR",-3.5,209.5,"POR",106.5,"TOR",103
"20141230GSW","20141230","10:35 PM","GSW","PHI",-17.5,209,"GSW",113.25,"PHI",95.75
"20141231BOS","20141231","1:05 PM","BOS","SAC",-2,211.5,"SAC",106.75,"BOS",104.75
"20141231IND","20141231","3:05 PM","IND","MIA",-4,189.5,"IND",96.75,"MIA",92.75
"20141231LAC","20141231","6:05 PM","LAC","NYK",-13,205,"LAC",109,"NYK",96
"20141231CLE","20141231","7:05 PM","CLE","MIL",-1,200.5,"MIL",100.75,"CLE",99.75
"20141231SAS","20141231","7:05 PM","SAS","NOP",-5,198.5,"SAS",101.75,"NOP",96.75
"20141231HOU","20141231","7:05 PM","HOU","CHA",-11.5,197,"HOU",104.25,"CHA",92.75
"20141231OKC","20141231","8:05 PM","OKC","PHX",-8,213,"OKC",110.5,"PHX",102.5
"20150101CHI","20150101","8:05 PM","CHI","DEN",-10.5,204.5,"CHI",107.5,"DEN",97
"20150101MIN","20150101","8:05 PM","MIN","SAC",-4.5,211.5,"SAC",108,"MIN",103.5
"20150102CHA","20150102","7:05 PM","CHA","CLE",-1.5,192.5,"CLE",97,"CHA",95.5
"20150102ORL","20150102","7:05 PM","ORL","BKN",-2.5,193,"BKN",97.75,"ORL",95.25
"20150102NYK","20150102","7:35 PM","NYK","DET",-4.5,195.5,"DET",100,"NYK",95.5
"20150102BOS","20150102","7:35 PM","BOS","DAL",-5.5,215,"DAL",110.25,"BOS",104.75
"20150102NOP","20150102","8:05 PM","NOP","HOU",-2,204,"HOU",103,"NOP",101
"20150102OKC","20150102","8:05 PM","OKC","WAS",-7,206,"OKC",106.5,"WAS",99.5
"20150102MIL","20150102","8:35 PM","MIL","IND",-1.5,194.5,"MIL",98,"IND",96.5
"20150102PHX","20150102","9:05 PM","PHX","PHI",-13.5,208.5,"PHX",111,"PHI",97.5
"20150102UTA","20150102","9:05 PM","UTA","ATL",-4.5,193.5,"ATL",99,"UTA",94.5
"20150102GSW","20150102","10:35 PM","GSW","TOR",-4.5,216.5,"GSW",110.5,"TOR",106
"20150102LAL","20150102","10:35 PM","LAL","MEM",-4,203.5,"MEM",103.75,"LAL",99.75
"20150103ORL","20150103","7:05 PM","ORL","CHA",-4,187.5,"ORL",95.75,"CHA",91.75
"20150103MIN","20150103","8:05 PM","MIN","UTA",-1.5,197,"MIN",99.25,"UTA",97.75
"20150103HOU","20150103","8:05 PM","HOU","MIA",-6.5,197,"HOU",101.75,"MIA",95.25
"20150103CHI","20150103","8:05 PM","CHI","BOS",-10,202,"CHI",106,"BOS",96
"20150103SAS","20150103","8:35 PM","SAS","WAS",-5.5,194.5,"SAS",100,"WAS",94.5
"20150103DEN","20150103","9:05 PM","DEN","MEM",-2,202.5,"DEN",102.25,"MEM",100.25
"20150103POR","20150103","10:05 PM","POR","ATL",-6,206,"POR",106,"ATL",100
"20150103LAC","20150103","10:35 PM","LAC","PHI",-19.5,204.5,"LAC",112,"PHI",92.5
"20150104CLE","20150104","1:05 PM","CLE","DAL",-7.5,207,"DAL",107.25,"CLE",99.75
"20150104MIA","20150104","6:05 PM","MIA","BKN",-2.5,195,"BKN",98.75,"MIA",96.25
"20150104DET","20150104","6:05 PM","DET","SAC",-3.5,209.5,"DET",106.5,"SAC",103
"20150104NYK","20150104","7:35 PM","NYK","MIL",-7,191.5,"MIL",99.25,"NYK",92.25
"20150104PHX","20150104","8:05 PM","PHX","TOR",-1,216.5,"PHX",108.75,"TOR",107.75
"20150104LAL","20150104","9:35 PM","LAL","IND",-1,202.5,"LAL",101.75,"IND",100.75
"20150105PHI","20150105","7:05 PM","PHI","CLE",-4.5,192,"CLE",98.25,"PHI",93.75
"20150105BKN","20150105","7:35 PM","BKN","DAL",-7,205.5,"DAL",106.25,"BKN",99.25
"20150105BOS","20150105","7:35 PM","BOS","CHA",-5.5,198.5,"BOS",102,"CHA",96.5
"20150105MIN","20150105","8:05 PM","MIN","DEN",-5,210.5,"DEN",107.75,"MIN",102.75
"20150105CHI","20150105","8:05 PM","CHI","HOU",-3,199,"CHI",101,"HOU",98
"20150105NOP","20150105","8:05 PM","NOP","WAS",-3,200,"NOP",101.5,"WAS",98.5
"20150105MEM","20150105","8:05 PM","MEM","NYK",-14.5,188.5,"MEM",101.5,"NYK",87
"20150105UTA","20150105","9:05 PM","UTA","IND",-1.5,185.5,"UTA",93.5,"IND",92
"20150105POR","20150105","10:05 PM","POR","LAL",-12.5,209,"POR",110.75,"LAL",98.25
"20150105LAC","20150105","10:35 PM","LAC","ATL",-5.5,210.5,"LAC",108,"ATL",102.5
"20150105GSW","20150105","10:35 PM","GSW","OKC",-3,216.5,"GSW",109.75,"OKC",106.75
"20150106MIL","20150106","8:05 PM","MIL","PHX",-4.5,209,"PHX",106.75,"MIL",102.25
"20150106SAS","20150106","8:35 PM","SAS","DET",-8,200.5,"SAS",104.25,"DET",96.25
"20150107CLE","20150107","7:05 PM","CLE","HOU",-6,198.5,"HOU",102.25,"CLE",96.25
"20150107CHA","20150107","7:05 PM","CHA","NOP",-5,190,"NOP",97.5,"CHA",92.5
"20150107PHI","20150107","7:05 PM","PHI","MIL",-6.5,195.5,"MIL",101,"PHI",94.5
"20150107WAS","20150107","7:05 PM","WAS","NYK",-14.5,187.5,"WAS",101,"NYK",86.5
"20150107BKN","20150107","7:35 PM","BKN","BOS",-5,199,"BKN",102,"BOS",97
"20150107ATL","20150107","7:35 PM","ATL","MEM",-4,197,"ATL",100.5,"MEM",96.5
"20150107CHI","20150107","8:05 PM","CHI","UTA",-11,192.5,"CHI",101.75,"UTA",90.75
"20150107DAL","20150107","8:35 PM","DAL","DET",-9,211,"DAL",110,"DET",101
"20150107DEN","20150107","9:05 PM","DEN","ORL",-7,201,"DEN",104,"ORL",97
"20150107MIN","20150107","9:35 PM","MIN","PHX",-8,216.5,"PHX",112.25,"MIN",104.25
"20150107SAC","20150107","10:05 PM","SAC","OKC",-7.5,212.5,"OKC",110,"SAC",102.5
"20150107GSW","20150107","10:35 PM","GSW","IND",-11.5,203,"GSW",107.25,"IND",95.75
"20150107LAC","20150107","10:35 PM","LAC","LAL",-10.5,214.5,"LAC",112.5,"LAL",102
"20150108TOR","20150108","7:35 PM","TOR","CHA",-12.5,197,"TOR",104.75,"CHA",92.25
"20150108NYK","20150108","8:05 PM","NYK","HOU",-12.5,194.5,"HOU",103.5,"NYK",91
"20150108POR","20150108","10:35 PM","POR","MIA",-8.5,195.5,"POR",102,"MIA",93.5
"20150109IND","20150109","7:05 PM","IND","BOS",-6,196.5,"IND",101.25,"BOS",95.25
"20150109BKN","20150109","7:35 PM","BKN","PHI",-10.5,190.5,"BKN",100.5,"PHI",90
"20150109DET","20150109","7:35 PM","DET","ATL",-2.5,206.5,"ATL",104.5,"DET",102
"20150109WAS","20150109","8:05 PM","WAS","CHI",-1.5,195.5,"WAS",98.5,"CHI",97
"20150109OKC","20150109","8:05 PM","OKC","UTA",-11.5,197.5,"OKC",104.5,"UTA",93
"20150109NOP","20150109","8:05 PM","NOP","MEM",-1,198.5,"NOP",99.75,"MEM",98.75
"20150109MIL","20150109","8:35 PM","MIL","MIN",-9.5,203,"MIL",106.25,"MIN",96.75
"20150109SAS","20150109","8:35 PM","SAS","PHX",-5,212,"SAS",108.5,"PHX",103.5
"20150109SAC","20150109","10:05 PM","SAC","DEN",-5.5,212.5,"SAC",109,"DEN",103.5
"20150109GSW","20150109","10:35 PM","GSW","CLE",-13,210.5,"GSW",111.75,"CLE",98.75
"20150109LAL","20150109","10:35 PM","LAL","ORL",-2,198.5,"LAL",100.25,"ORL",98.25
"20150110NYK","20150110","1:05 PM","NYK","CHA",-7.5,187,"CHA",97.25,"NYK",89.75
"20150110LAC","20150110","3:35 PM","LAC","DAL",-4,213,"LAC",108.5,"DAL",104.5
"20150110PHI","20150110","7:35 PM","PHI","IND",-7,187.5,"IND",97.25,"PHI",90.25
"20150110TOR","20150110","7:35 PM","TOR","BOS",-11.5,209,"TOR",110.25,"BOS",98.75
"20150110DET","20150110","7:35 PM","DET","BKN",-5.5,194,"DET",99.75,"BKN",94.25
"20150110CHI","20150110","8:05 PM","CHI","MIL",-6.5,194,"CHI",100.25,"MIL",93.75
"20150110HOU","20150110","8:05 PM","HOU","UTA",-11,195.5,"HOU",103.25,"UTA",92.25
"20150110MIN","20150110","8:05 PM","MIN","SAS",-10,199,"SAS",104.5,"MIN",94.5
"20150110POR","20150110","10:05 PM","POR","ORL",-14,194.5,"POR",104.25,"ORL",90.25
"20150111ATL","20150111","3:05 PM","ATL","WAS",-4,194,"ATL",99,"WAS",95
"20150111LAC","20150111","3:35 PM","LAC","MIA",-10,200,"LAC",105,"MIA",95
"20150111MEM","20150111","6:05 PM","MEM","PHX",-3.5,209,"MEM",106.25,"PHX",102.75
"20150111SAC","20150111","9:05 PM","SAC","CLE",-3.5,205.5,"SAC",104.5,"CLE",101
"20150111LAL","20150111","9:35 PM","LAL","POR",-5.5,204,"POR",104.75,"LAL",99.25
"20150112BKN","20150112","7:35 PM","BKN","HOU",-7,193.5,"HOU",100.25,"BKN",93.25
"20150112BOS","20150112","7:35 PM","BOS","NOP",-5.5,203,"NOP",104.25,"BOS",98.75
"20150112TOR","20150112","7:35 PM","TOR","DET",-6,208.5,"TOR",107.25,"DET",101.25
"20150112CHI","20150112","8:05 PM","CHI","ORL",-11.5,191,"CHI",101.25,"ORL",89.75
"20150113IND","20150113","7:05 PM","IND","MIN",-11,195.5,"IND",103.25,"MIN",92.25
"20150113PHI","20150113","7:05 PM","PHI","ATL",-10,195.5,"ATL",102.75,"PHI",92.75
"20150113WAS","20150113","7:05 PM","WAS","SAS",-1,195,"WAS",98,"SAS",97
"20150113PHX","20150113","9:05 PM","PHX","CLE",-4.5,212.5,"PHX",108.5,"CLE",104
"20150113UTA","20150113","9:05 PM","UTA","GSW",-8,202,"GSW",105,"UTA",97
"20150113SAC","20150113","10:05 PM","SAC","DAL",-5,214.5,"DAL",109.75,"SAC",104.75
"20150113LAL","20150113","10:35 PM","LAL","MIA",-2.5,197.5,"MIA",100,"LAL",97.5
"20150114ORL","20150114","7:05 PM","ORL","HOU",-9,200.5,"HOU",104.75,"ORL",95.75
"20150114CHA","20150114","7:05 PM","CHA","SAS",-4.5,191,"SAS",97.75,"CHA",93.25
"20150114DET","20150114","7:35 PM","DET","NOP",-4,202.5,"DET",103.25,"NOP",99.25
"20150114TOR","20150114","7:35 PM","TOR","PHI",-18,203,"TOR",110.5,"PHI",92.5
"20150114BKN","20150114","7:35 PM","BKN","MEM",-7,189.5,"MEM",98.25,"BKN",91.25
"20150114BOS","20150114","8:05 PM","BOS","ATL",-5,202,"ATL",103.5,"BOS",98.5
"20150114CHI","20150114","8:05 PM","CHI","WAS",-5.5,196.5,"CHI",101,"WAS",95.5
"20150114DEN","20150114","9:05 PM","DEN","DAL",-5,212.5,"DEN",108.75,"DAL",103.75
"20150114GSW","20150114","10:35 PM","GSW","MIA",-15,202,"GSW",108.5,"MIA",93.5
"20150114POR","20150114","10:35 PM","POR","LAC",-3.5,209.5,"POR",106.5,"LAC",103
"20150115MIL","20150115","3:05 PM","MIL","NYK",-8,199,"MIL",103.5,"NYK",95.5
"20150115HOU","20150115","8:10 PM","HOU","OKC",-2.5,208.5,"OKC",105.5,"HOU",103
"20150115LAL","20150115","10:35 PM","LAL","CLE",-6,207,"CLE",106.5,"LAL",100.5
"20150116PHI","20150116","7:05 PM","PHI","NOP",-7,191,"NOP",99,"PHI",92
"20150116WAS","20150116","7:05 PM","WAS","BKN",-9,191,"WAS",100,"BKN",91
"20150116IND","20150116","7:05 PM","IND","DET",-1,197,"IND",99,"DET",98
"20150116ORL","20150116","7:05 PM","ORL","MEM",-5,193,"MEM",99,"ORL",94
"20150116TOR","20150116","7:35 PM","TOR","ATL",-2,206,"ATL",104,"TOR",102
"20150116BOS","20150116","7:35 PM","BOS","CHI",-5,201,"CHI",103,"BOS",98
"20150116OKC","20150116","8:05 PM","OKC","GSW",-1,217,"OKC",109,"GSW",108
"20150116DAL","20150116","8:35 PM","DAL","DEN",-8,215.5,"DAL",111.75,"DEN",103.75
"20150116SAS","20150116","8:35 PM","SAS","POR",-4.5,198,"SAS",101.25,"POR",96.75
"20150116PHX","20150116","9:05 PM","PHX","MIN",-14,216.5,"PHX",115.25,"MIN",101.25
"20150116UTA","20150116","9:05 PM","UTA","LAL",-8,196,"UTA",102,"LAL",94
"20150116SAC","20150116","10:05 PM","SAC","MIA",-3,191,"SAC",97,"MIA",94
"20150116LAC","20150116","10:35 PM","LAC","CLE",-8.5,207,"LAC",107.75,"CLE",99.25
"20150117CHA","20150117","7:05 PM","CHA","IND",-2,184.5,"IND",93.25,"CHA",91.25
"20150117DET","20150117","7:35 PM","DET","PHI",-13,194,"DET",103.5,"PHI",90.5
"20150117CHI","20150117","8:05 PM","CHI","ATL",-3.5,201,"ATL",102.25,"CHI",98.75
"20150117BKN","20150117","8:05 PM","BKN","WAS",-5.5,189.5,"WAS",97.5,"BKN",92
"20150117HOU","20150117","8:05 PM","HOU","GSW",-2,214.5,"HOU",108.25,"GSW",106.25
"20150117DEN","20150117","9:05 PM","DEN","MIN",-11.5,212,"DEN",111.75,"MIN",100.25
"20150117MEM","20150117","9:05 PM","MEM","POR",-2.5,196.5,"MEM",99.5,"POR",97
"20150117SAC","20150117","10:05 PM","SAC","LAC",-10,208.5,"LAC",109.25,"SAC",99.25
"20150118TOR","20150118","3:35 PM","TOR","NOP",-11,205.5,"TOR",108.25,"NOP",97.25
"20150118ORL","20150118","6:05 PM","ORL","OKC",-9,213.5,"OKC",111.25,"ORL",102.25
"20150118SAS","20150118","7:05 PM","SAS","UTA",-12,195.5,"SAS",103.75,"UTA",91.75
"20150119CHA","20150119","2:05 PM","CHA","MIN",-6.5,192.5,"CHA",99.5,"MIN",93
"20150119WAS","20150119","2:05 PM","WAS","PHI",-14,192.5,"WAS",103.25,"PHI",89.25
"20150119ATL","20150119","2:35 PM","ATL","DET",-7.5,202,"ATL",104.75,"DET",97.25
"20150119LAC","20150119","3:35 PM","LAC","BOS",-12,211.5,"LAC",111.75,"BOS",99.75
"20150119GSW","20150119","4:05 PM","GSW","DEN",-14.5,217,"GSW",115.75,"DEN",101.25
"20150119MEM","20150119","5:05 PM","MEM","DAL",-3,203.5,"MEM",103.25,"DAL",100.25
"20150119NYK","20150119","5:35 PM","NYK","NOP",-4.5,189,"NOP",96.75,"NYK",92.25
"20150119HOU","20150119","5:35 PM","HOU","IND",-9.5,196,"HOU",102.75,"IND",93.25
"20150119CLE","20150119","7:35 PM","CLE","CHI",-4.5,206.5,"CLE",105.5,"CHI",101
"20150119MIL","20150119","8:05 PM","MIL","TOR",-1.5,197,"MIL",99.25,"TOR",97.75
"20150119PHX","20150119","10:05 PM","PHX","LAL",-10.5,215,"PHX",112.75,"LAL",102.25
"20150119POR","20150119","10:05 PM","POR","SAC",-9.5,205.5,"POR",107.5,"SAC",98
"20150120MIA","20150120","7:35 PM","MIA","OKC",-7.5,200.5,"OKC",104,"MIA",96.5
"20150120DEN","20150120","9:05 PM","DEN","SAS",-8.5,204,"SAS",106.25,"DEN",97.75
"20150121CLE","20150121","7:05 PM","CLE","UTA",-10,196.5,"CLE",103.25,"UTA",93.25
"20150121CHA","20150121","7:05 PM","CHA","MIA",-6,183,"CHA",94.5,"MIA",88.5
"20150121PHI","20150121","7:05 PM","PHI","NYK",-3,190.5,"NYK",96.75,"PHI",93.75
"20150121DET","20150121","7:35 PM","DET","ORL",-8,209,"DET",108.5,"ORL",100.5
"20150121ATL","20150121","7:35 PM","ATL","IND",-10.5,191.5,"ATL",101,"IND",90.5
"20150121MEM","20150121","8:05 PM","MEM","TOR",-6,202,"MEM",104,"TOR",98
"20150121MIN","20150121","8:05 PM","MIN","DAL",-9.5,214,"DAL",111.75,"MIN",102.25
"20150121NOP","20150121","8:05 PM","NOP","LAL",-7,202,"NOP",104.5,"LAL",97.5
"20150121WAS","20150121","8:05 PM","WAS","OKC",-1,207,"WAS",104,"OKC",103
"20150121PHX","20150121","9:05 PM","PHX","POR",-7.5,211.5,"PHX",109.5,"POR",102
"20150121SAC","20150121","10:05 PM","SAC","BKN",-5.5,197,"SAC",101.25,"BKN",95.75
"20150121GSW","20150121","10:35 PM","GSW","HOU",-8,219,"GSW",113.5,"HOU",105.5
"20150122MIL","20150122","8:05 PM","MIL","UTA",-8.5,185.5,"MIL",97,"UTA",88.5
"20150122CHI","20150122","8:05 PM","CHI","SAS",-5.5,196,"SAS",100.75,"CHI",95.25
"20150122POR","20150122","10:05 PM","POR","BOS",-7,203.5,"POR",105.25,"BOS",98.25
"20150122LAC","20150122","10:35 PM","LAC","BKN",-13,203.5,"LAC",108.25,"BKN",95.25
"20150123PHI","20150123","7:05 PM","PHI","TOR",-12.5,196,"TOR",104.25,"PHI",91.75
"20150123NYK","20150123","7:35 PM","NYK","ORL",-3,206.5,"ORL",104.75,"NYK",101.75
"20150123MIA","20150123","7:35 PM","MIA","IND",-3,184,"MIA",93.5,"IND",90.5
"20150123ATL","20150123","7:35 PM","ATL","OKC",-4,207.5,"ATL",105.75,"OKC",101.75
"20150123CLE","20150123","7:35 PM","CLE","CHA",-10,194,"CLE",102,"CHA",92
"20150123DAL","20150123","8:05 PM","DAL","CHI",-5.5,202,"DAL",103.75,"CHI",98.25
"20150123MIN","20150123","8:05 PM","MIN","NOP",-6.5,196.5,"NOP",101.5,"MIN",95
"20150123SAS","20150123","8:35 PM","SAS","LAL",-14,197.5,"SAS",105.75,"LAL",91.75
"20150123PHX","20150123","9:05 PM","PHX","HOU",-2,221,"PHX",111.5,"HOU",109.5
"20150123DEN","20150123","9:05 PM","DEN","BOS",-6.5,203,"DEN",104.75,"BOS",98.25
"20150123GSW","20150123","10:35 PM","GSW","SAC",-15.5,217.5,"GSW",116.5,"SAC",101
"20150124CHA","20150124","7:05 PM","CHA","NYK",-9,181,"CHA",95,"NYK",86
"20150124MIL","20150124","7:35 PM","MIL","DET",-2.5,195.5,"DET",99,"MIL",96.5
"20150124MEM","20150124","8:05 PM","MEM","PHI",-18,189.5,"MEM",103.75,"PHI",85.75
"20150124UTA","20150124","9:05 PM","UTA","BKN",-4,187.5,"UTA",95.75,"BKN",91.75
"20150124POR","20150124","10:05 PM","POR","WAS",-3.5,195,"WAS",99.25,"POR",95.75
"20150125CHI","20150125","1:00 PM","CHI","MIA",-7.5,184.5,"CHI",96,"MIA",88.5
"20150125CLE","20150125","3:30 PM","CLE","OKC",-3.5,212.5,"CLE",108,"OKC",104.5
"20150125ORL","20150125","6:05 PM","ORL","IND",-1.5,204.5,"IND",103,"ORL",101.5
"20150125NOP","20150125","6:05 PM","NOP","DAL",-3.5,199,"DAL",101.25,"NOP",97.75
"20150125ATL","20150125","6:05 PM","ATL","MIN",-17.5,201,"ATL",109.25,"MIN",91.75
"20150125PHX","20150125","6:05 PM","PHX","LAC",-2.5,223,"LAC",112.75,"PHX",110.25
"20150125TOR","20150125","7:05 PM","TOR","DET",-8,198.5,"TOR",103.25,"DET",95.25
"20150125SAS","20150125","7:05 PM","SAS","MIL",-11.5,192.5,"SAS",102,"MIL",90.5
"20150125DEN","20150125","8:05 PM","DEN","WAS",-3,203.5,"WAS",103.25,"DEN",100.25
"20150125GSW","20150125","8:05 PM","GSW","BOS",-18,213,"GSW",115.5,"BOS",97.5
"20150125LAL","20150125","9:35 PM","LAL","HOU",-8.5,207,"HOU",107.75,"LAL",99.25
"20150126NYK","20150126","7:35 PM","NYK","SAC",-5,197.5,"SAC",101.25,"NYK",96.25
"20150126BKN","20150126","7:35 PM","BKN","POR",-8,193.5,"POR",100.75,"BKN",92.75
"20150126OKC","20150126","8:05 PM","OKC","MIN",-13.5,206.5,"OKC",110,"MIN",96.5
"20150126MEM","20150126","8:05 PM","MEM","ORL",-12,204,"MEM",108,"ORL",96
"20150126NOP","20150126","8:05 PM","NOP","PHI",-15,189.5,"NOP",102.25,"PHI",87.25
"20150126UTA","20150126","9:05 PM","UTA","BOS",-7.5,193.5,"UTA",100.5,"BOS",93
"20150126LAC","20150126","10:35 PM","LAC","DEN",-14,215,"LAC",114.5,"DEN",100.5
"20150127IND","20150127","7:05 PM","IND","TOR",-3,194.5,"TOR",98.75,"IND",95.75
"20150127DET","20150127","7:35 PM","DET","CLE",-8.5,209.5,"CLE",109,"DET",100.5
"20150127MIA","20150127","7:35 PM","MIA","MIL",-2,186.5,"MIA",94.25,"MIL",92.25
"20150127DAL","20150127","8:35 PM","DAL","MEM",-6,198.5,"DAL",102.25,"MEM",96.25
"20150127LAL","20150127","10:35 PM","LAL","WAS",-8.5,193.5,"WAS",101,"LAL",92.5
"20150127GSW","20150127","10:35 PM","GSW","CHI",-11,213,"GSW",112,"CHI",101
"20150128PHI","20150128","7:05 PM","PHI","DET",-8,192.5,"DET",100.25,"PHI",92.25
"20150128CLE","20150128","7:05 PM","CLE","POR",-2.5,202.5,"CLE",102.5,"POR",100
"20150128ATL","20150128","8:05 PM","ATL","BKN",-14,192,"ATL",103,"BKN",89
"20150128TOR","20150128","7:35 PM","TOR","SAC",-5.5,209,"TOR",107.25,"SAC",101.75
"20150128MIN","20150128","8:05 PM","MIN","BOS",-4,199,"BOS",101.5,"MIN",97.5
"20150128NOP","20150128","8:05 PM","NOP","DEN",-6,203,"NOP",104.5,"DEN",98.5
"20150128HOU","20150128","8:05 PM","HOU","DAL",-4,210.5,"HOU",107.25,"DAL",103.25
"20150128NYK","20150128","8:05 PM","NYK","OKC",-7.5,196,"OKC",101.75,"NYK",94.25
"20150128SAS","20150128","8:35 PM","SAS","CHA",-12.5,187,"SAS",99.75,"CHA",87.25
"20150128UTA","20150128","9:05 PM","UTA","LAC",-6.5,199,"LAC",102.75,"UTA",96.25
"20150128PHX","20150128","10:35 PM","PHX","WAS",-6,210.5,"PHX",108.25,"WAS",102.25
"20150129ORL","20150129","7:05 PM","ORL","MIL",-4,204,"MIL",104,"ORL",100
"20150129IND","20150129","7:05 PM","IND","NYK",-8,187,"IND",97.5,"NYK",89.5
"20150129MEM","20150129","8:05 PM","MEM","DEN",-9.5,197,"MEM",103.25,"DEN",93.75
"20150129LAL","20150129","10:35 PM","LAL","CHI",-9.5,195,"CHI",102.25,"LAL",92.75
"20150130PHI","20150130","7:05 PM","PHI","MIN",-4,193,"MIN",98.5,"PHI",94.5
"20150130ATL","20150130","7:35 PM","ATL","POR",-5,203.5,"ATL",104.25,"POR",99.25
"20150130BKN","20150130","7:35 PM","BKN","TOR",-7.5,197,"TOR",102.25,"BKN",94.75
"20150130BOS","20150130","7:35 PM","BOS","HOU",-7,208.5,"HOU",107.75,"BOS",100.75
"20150130CLE","20150130","7:35 PM","CLE","SAC",-10.5,209,"CLE",109.75,"SAC",99.25
"20150130NOP","20150130","8:05 PM","NOP","LAC",-8.5,199.5,"LAC",104,"NOP",95.5
"20150130MIA","20150130","8:05 PM","MIA","DAL",-7.5,191,"DAL",99.25,"MIA",91.75
"20150130UTA","20150130","9:05 PM","UTA","GSW",-10,206,"GSW",108,"UTA",98
"20150130PHX","20150130","10:35 PM","PHX","CHI",-7,212,"PHX",109.5,"CHI",102.5
"20150131WAS","20150131","7:05 PM","WAS","TOR",-5,203.5,"WAS",104.25,"TOR",99.25
"20150131ORL","20150131","7:05 PM","ORL","DAL",-7,209,"DAL",108,"ORL",101
"20150131IND","20150131","7:05 PM","IND","SAC",-5.5,199.5,"IND",102.5,"SAC",97
"20150131DET","20150131","7:35 PM","DET","HOU",-4,205.5,"HOU",104.75,"DET",100.75
"20150131ATL","20150131","7:35 PM","ATL","PHI",-16.5,192.5,"ATL",104.5,"PHI",88
"20150131MIN","20150131","8:05 PM","MIN","CLE",-11,204,"CLE",107.5,"MIN",96.5
"20150131MEM","20150131","8:05 PM","MEM","OKC",-4,198.5,"MEM",101.25,"OKC",97.25
"20150131MIL","20150131","8:35 PM","MIL","POR",-2,198.5,"POR",100.25,"MIL",98.25
"20150131SAS","20150131","9:05 PM","SAS","LAC",-5,205,"SAS",105,"LAC",100
"20150131DEN","20150131","9:05 PM","DEN","CHA",-4.5,194.5,"DEN",99.5,"CHA",95
"20150131GSW","20150131","10:35 PM","GSW","PHX",-10.5,225,"GSW",117.75,"PHX",107.25
"20150201BOS","20150201","1:05 PM","BOS","MIA",-3.5,185.5,"BOS",94.5,"MIA",91
"20150201NYK","20150201","2:05 PM","NYK","LAL",-3,190.5,"NYK",96.75,"LAL",93.75
"20150202CLE","20150202","7:05 PM","CLE","PHI",-17,195.5,"CLE",106.25,"PHI",89.25
"20150202WAS","20150202","7:05 PM","WAS","CHA",-7.5,186.5,"WAS",97,"CHA",89.5
"20150202TOR","20150202","7:35 PM","TOR","MIL",-6,203,"TOR",104.5,"MIL",98.5
"20150202BKN","20150202","7:35 PM","BKN","LAC",-8.5,202.5,"LAC",105.5,"BKN",97
"20150202NOP","20150202","8:05 PM","NOP","ATL",-3,196,"ATL",99.5,"NOP",96.5
"20150202OKC","20150202","8:05 PM","OKC","ORL",-10.5,207,"OKC",108.75,"ORL",98.25
"20150202DAL","20150202","8:35 PM","DAL","MIN",-10,209,"DAL",109.5,"MIN",99.5
"20150202PHX","20150202","9:05 PM","PHX","MEM",-2.5,204,"MEM",103.25,"PHX",100.75
"20150203PHI","20150203","7:05 PM","PHI","DEN",-7.5,193.5,"DEN",100.5,"PHI",93
"20150203NYK","20150203","7:35 PM","NYK","BOS",-1,190.5,"BOS",95.75,"NYK",94.75
"20150203DET","20150203","7:35 PM","DET","MIA",-4,185,"DET",94.5,"MIA",90.5
"20150203POR","20150203","10:05 PM","POR","UTA",-8.5,194,"POR",101.25,"UTA",92.75
"20150203SAC","20150203","10:05 PM","SAC","GSW",-10,218,"GSW",114,"SAC",104
"20150204IND","20150204","7:05 PM","IND","DET",-4.5,193.5,"IND",99,"DET",94.5
"20150204TOR","20150204","7:35 PM","TOR","BKN",-7.5,203.5,"TOR",105.5,"BKN",98
"20150204ATL","20150204","7:35 PM","ATL","WAS",-5.5,196,"ATL",100.75,"WAS",95.25
"20150204BOS","20150204","7:35 PM","BOS","DEN",-3.5,204,"BOS",103.75,"DEN",100.25
"20150204HOU","20150204","8:05 PM","HOU","CHI",-3,205,"HOU",104,"CHI",101
"20150204MIN","20150204","8:05 PM","MIN","MIA",-2,188.5,"MIN",95.25,"MIA",93.25
"20150204MIL","20150204","8:05 PM","MIL","LAL",-9.5,192,"MIL",100.75,"LAL",91.25
"20150204NOP","20150204","8:05 PM","NOP","OKC",-4,192,"NOP",98,"OKC",94
"20150204SAS","20150204","8:35 PM","SAS","ORL",-13.5,201,"SAS",107.25,"ORL",93.75
"20150204UTA","20150204","9:05 PM","UTA","MEM",-6.5,187,"MEM",96.75,"UTA",90.25
"20150204GSW","20150204","10:35 PM","GSW","DAL",-8,217,"GSW",112.5,"DAL",104.5
"20150205CHA","20150205","7:05 PM","CHA","WAS",-2,187,"WAS",94.5,"CHA",92.5
"20150205CLE","20150205","8:00 PM","CLE","LAC",-4.5,208,"CLE",106.25,"LAC",101.75
"20150205SAC","20150205","10:05 PM","SAC","DAL",-2.5,209.5,"DAL",106,"SAC",103.5
"20150205POR","20150205","10:40 PM","POR","PHX",-5,211,"POR",108,"PHX",103
"20150206BKN","20150206","7:05 PM","BKN","NYK",-6.5,196,"BKN",101.25,"NYK",94.75
"20150206IND","20150206","7:05 PM","IND","CLE",-6,195.5,"CLE",100.75,"IND",94.75
"20150206ORL","20150206","7:05 PM","ORL","LAL",-4.5,200,"ORL",102.25,"LAL",97.75
"20150206TOR","20150206","7:05 PM","TOR","LAC",-1,211,"LAC",106,"TOR",105
"20150206ATL","20150206","7:35 PM","ATL","GSW",-2,213,"GSW",107.5,"ATL",105.5
"20150206DET","20150206","7:35 PM","DET","DEN",-6.5,204.5,"DET",105.5,"DEN",99
"20150206BOS","20150206","7:35 PM","BOS","PHI",-8.5,190.5,"BOS",99.5,"PHI",91
"20150206HOU","20150206","8:05 PM","HOU","MIL",-5.5,198.5,"HOU",102,"MIL",96.5
"20150206OKC","20150206","8:05 PM","OKC","NOP",-6,199,"OKC",102.5,"NOP",96.5
"20150206MIN","20150206","8:05 PM","MIN","MEM",-8.5,198,"MEM",103.25,"MIN",94.75
"20150206PHX","20150206","9:05 PM","PHX","UTA",-5.5,202,"PHX",103.75,"UTA",98.25
"20150206SAS","20150206","9:35 PM","SAS","MIA",-12.5,186,"SAS",99.25,"MIA",86.75
"20150207NOP","20150207","7:05 PM","NOP","CHI",-2,193,"CHI",97.5,"NOP",95.5
"20150207WAS","20150207","7:05 PM","WAS","BKN",-6.5,192,"WAS",99.25,"BKN",92.75
"20150207NYK","20150207","7:35 PM","NYK","GSW",-15.5,203.5,"GSW",109.5,"NYK",94
"20150207PHI","20150207","7:35 PM","PHI","CHA",-8,181.5,"CHA",94.75,"PHI",86.75
"20150207DAL","20150207","8:35 PM","DAL","POR",-2.5,207,"DAL",104.75,"POR",102.25
"20150207MIL","20150207","8:35 PM","MIL","BOS",-6,193.5,"MIL",99.75,"BOS",93.75
"20150207UTA","20150207","9:05 PM","UTA","SAC",-5.5,194.5,"UTA",100,"SAC",94.5
"20150208OKC","20150208","1:00 PM","OKC","LAC",-7.5,207,"OKC",107.25,"LAC",99.75
"20150208CLE","20150208","3:30 PM","CLE","LAL",-14,197.5,"CLE",105.75,"LAL",91.75
"20150208MEM","20150208","6:05 PM","MEM","ATL",-3,196.5,"MEM",99.75,"ATL",96.75
"20150208CHA","20150208","6:05 PM","CHA","IND",-2,184.5,"IND",93.25,"CHA",91.25
"20150208DET","20150208","6:05 PM","DET","MIN",-7.5,204,"DET",105.75,"MIN",98.25
"20150208ORL","20150208","6:05 PM","ORL","CHI",-6.5,197.5,"CHI",102,"ORL",95.5
"20150208TOR","20150208","7:05 PM","TOR","SAS",-1.5,201.5,"SAS",101.5,"TOR",100
"20150208HOU","20150208","7:05 PM","HOU","POR",-4.5,206,"HOU",105.25,"POR",100.75
"20150208SAC","20150208","9:05 PM","SAC","PHX",-7.5,208,"PHX",107.75,"SAC",100.25
"20150209WAS","20150209","7:05 PM","WAS","ORL",-10.5,194.5,"WAS",102.5,"ORL",92
"20150209IND","20150209","7:05 PM","IND","SAS",-5,190.5,"SAS",97.75,"IND",92.75
"20150209PHI","20150209","7:05 PM","PHI","GSW",-16,205.5,"GSW",110.75,"PHI",94.75
"20150209MIA","20150209","7:35 PM","MIA","NYK",-4.5,181.5,"MIA",93,"NYK",88.5
"20150209MIN","20150209","8:05 PM","MIN","ATL",-6.5,206.5,"ATL",106.5,"MIN",100
"20150209NOP","20150209","8:05 PM","NOP","UTA",-2.5,184.5,"NOP",93.5,"UTA",91
"20150209MIL","20150209","8:05 PM","MIL","BKN",-5,193.5,"MIL",99.25,"BKN",94.25
"20150209DAL","20150209","8:35 PM","DAL","LAC",-8,210,"DAL",109,"LAC",101
"20150209DEN","20150209","9:05 PM","DEN","OKC",-6.5,213,"OKC",109.75,"DEN",103.25
"20150210CHA","20150210","7:05 PM","CHA","DET",-2,192.5,"CHA",97.25,"DET",95.25
"20150210MEM","20150210","8:05 PM","MEM","BKN",-12.5,190.5,"MEM",101.5,"BKN",89
"20150210PHX","20150210","8:05 PM","PHX","HOU",-2.5,217,"PHX",109.75,"HOU",107.25
"20150210CHI","20150210","8:05 PM","CHI","SAC",-11,197.5,"CHI",104.25,"SAC",93.25
"20150210LAL","20150210","10:35 PM","LAL","DEN",-1,202,"LAL",101.5,"DEN",100.5
"20150211ORL","20150211","7:05 PM","ORL","NYK",-6,187.5,"ORL",96.75,"NYK",90.75
"20150211TOR","20150211","7:35 PM","TOR","WAS",-5,196,"TOR",100.5,"WAS",95.5
"20150211DET","20150211","7:35 PM","DET","SAS",-6.5,194.5,"SAS",100.5,"DET",94
"20150211BOS","20150211","7:35 PM","BOS","ATL",-6.5,201,"ATL",103.75,"BOS",97.25
"20150211OKC","20150211","8:05 PM","OKC","MEM",-4.5,200.5,"OKC",102.5,"MEM",98
"20150211MIL","20150211","8:05 PM","MIL","SAC",-10,198.5,"MIL",104.25,"SAC",94.25
"20150211CLE","20150211","8:05 PM","CLE","MIA",-12,192.5,"CLE",102.25,"MIA",90.25
"20150211NOP","20150211","8:05 PM","NOP","IND",-1,189,"IND",95,"NOP",94
"20150211MIN","20150211","8:05 PM","MIN","GSW",-9.5,218.5,"GSW",114,"MIN",104.5
"20150211DAL","20150211","8:35 PM","DAL","UTA",-5,200,"DAL",102.5,"UTA",97.5
"20150211POR","20150211","10:05 PM","POR","LAL",-14,196.5,"POR",105.25,"LAL",91.25
"20150211LAC","20150211","10:35 PM","LAC","HOU",-3.5,213,"LAC",108.25,"HOU",104.75
"20150212CHI","20150212","8:05 PM","CHI","CLE",-2,197.5,"CLE",99.75,"CHI",97.75
"20150219OKC","20150219","8:15 PM","OKC","DAL",-5,213.5,"OKC",109.25,"DAL",104.25
"20150219LAC","20150219","10:35 PM","LAC","SAS",-2.5,202,"SAS",102.25,"LAC",99.75
"20150220ORL","20150220","7:05 PM","ORL","NOP",-5.5,192,"NOP",98.75,"ORL",93.25
"20150220PHI","20150220","7:05 PM","PHI","IND",-8.5,183,"IND",95.75,"PHI",87.25
"20150220ATL","20150220","7:35 PM","ATL","TOR",-5.5,206,"ATL",105.75,"TOR",100.25
"20150220NYK","20150220","7:35 PM","NYK","MIA",-7,181.5,"MIA",94.25,"NYK",87.25
"20150220DET","20150220","7:35 PM","DET","CHI",-6,193.5,"CHI",99.75,"DET",93.75
"20150220WAS","20150220","8:05 PM","WAS","CLE",-3,198.5,"CLE",100.75,"WAS",97.75
"20150220MIN","20150220","8:05 PM","MIN","PHX",-2,207,"MIN",104.5,"PHX",102.5
"20150220MIL","20150220","8:35 PM","MIL","DEN",-8.5,197,"MIL",102.75,"DEN",94.25
"20150220DAL","20150220","8:35 PM","DAL","HOU",-2.5,212,"DAL",107.25,"HOU",104.75
"20150220UTA","20150220","9:05 PM","UTA","POR",-4.5,191,"POR",97.75,"UTA",93.25
"20150220SAC","20150220","10:05 PM","SAC","BOS",-4,202.5,"SAC",103.25,"BOS",99.25
"20150220LAL","20150220","10:35 PM","LAL","BKN",-3,194.5,"BKN",98.75,"LAL",95.75
"20150220GSW","20150220","10:35 PM","GSW","SAS",-7.5,212.5,"GSW",110,"SAS",102.5
"20150221CHA","20150221","7:05 PM","CHA","OKC",-4,197.5,"OKC",100.75,"CHA",96.75
"20150221MIA","20150221","7:35 PM","MIA","NOP",-2,194.5,"MIA",98.25,"NOP",96.25
"20150221CHI","20150221","8:05 PM","CHI","PHX",-8,204.5,"CHI",106.25,"PHX",98.25
"20150221HOU","20150221","8:05 PM","HOU","TOR",-2,210,"HOU",106,"TOR",104
"20150221LAC","20150221","10:05 PM","LAC","SAC",-10,215,"LAC",112.5,"SAC",102.5
"20150222NYK","20150222","1:05 PM","NYK","CLE",-16.5,197.5,"CLE",107,"NYK",90.5
"20150222MIL","20150222","3:30 PM","MIL","ATL",-5,194,"ATL",99.5,"MIL",94.5
"20150222DET","20150222","3:35 PM","DET","WAS",-2,195,"WAS",98.5,"DET",96.5
"20150222ORL","20150222","6:05 PM","ORL","PHI",-9,188.5,"ORL",98.75,"PHI",89.75
"20150222IND","20150222","6:05 PM","IND","GSW",-4,204,"GSW",104,"IND",100
"20150222OKC","20150222","7:05 PM","OKC","DEN",-8.5,210,"OKC",109.25,"DEN",100.75
"20150222DAL","20150222","7:35 PM","DAL","CHA",-9.5,197,"DAL",103.25,"CHA",93.75
"20150222POR","20150222","9:05 PM","POR","MEM",-1.5,192,"POR",96.75,"MEM",95.25
"20150222LAL","20150222","9:35 PM","LAL","BOS",-3,202.5,"BOS",102.75,"LAL",99.75
"20150223MIA","20150223","7:35 PM","MIA","PHI",-11,193.5,"MIA",102.25,"PHI",91.25
"20150223NOP","20150223","8:05 PM","NOP","TOR",-7.5,195,"TOR",101.25,"NOP",93.75
"20150223CHI","20150223","8:05 PM","CHI","MIL",-7,192.5,"CHI",99.75,"MIL",92.75
"20150223HOU","20150223","8:05 PM","HOU","MIN",-8,214,"HOU",111,"MIN",103
"20150223UTA","20150223","9:05 PM","UTA","SAS",-5.5,186,"SAS",95.75,"UTA",90.25
"20150223PHX","20150223","9:05 PM","PHX","BOS",-8,211.5,"PHX",109.75,"BOS",101.75
"20150223DEN","20150223","9:05 PM","DEN","BKN",-2.5,205,"BKN",103.75,"DEN",101.25
"20150223LAC","20150223","10:35 PM","LAC","MEM",-3.5,202.5,"LAC",103,"MEM",99.5
"20150224WAS","20150224","7:05 PM","WAS","GSW",-6.5,204,"GSW",105.25,"WAS",98.75
"20150224DET","20150224","7:35 PM","DET","CLE",-6.5,205.5,"CLE",106,"DET",99.5
"20150224OKC","20150224","8:05 PM","OKC","IND",-7.5,205,"OKC",106.25,"IND",98.75
"20150224DAL","20150224","8:35 PM","DAL","TOR",-4.5,203.5,"DAL",104,"TOR",99.5
"20150225ORL","20150225","7:05 PM","ORL","MIA",-3.5,199.5,"MIA",101.5,"ORL",98
"20150225BOS","20150225","7:35 PM","BOS","NYK",-10.5,198,"BOS",104.25,"NYK",93.75
"20150225ATL","20150225","7:35 PM","ATL","DAL",-9,204.5,"ATL",106.75,"DAL",97.75
"20150225MIN","20150225","8:05 PM","MIN","WAS",-2.5,201,"MIN",101.75,"WAS",99.25
"20150225NOP","20150225","8:05 PM","NOP","BKN",-2.5,193.5,"BKN",98,"NOP",95.5
"20150225MIL","20150225","8:05 PM","MIL","PHI",-10,187.5,"MIL",98.75,"PHI",88.75
"20150225HOU","20150225","8:05 PM","HOU","LAC",-3.5,219,"HOU",111.25,"LAC",107.75
"20150225CHI","20150225","8:05 PM","CHI","CHA",-7,187.5,"CHI",97.25,"CHA",90.25
"20150225DEN","20150225","9:05 PM","DEN","PHX",-6,212.5,"PHX",109.25,"DEN",103.25
"20150225UTA","20150225","9:05 PM","UTA","LAL",-9.5,192,"UTA",100.75,"LAL",91.25
"20150225SAC","20150225","10:05 PM","SAC","MEM",-6.5,199.5,"MEM",103,"SAC",96.5
"20150225POR","20150225","10:35 PM","POR","SAS",-3,195.5,"POR",99.25,"SAS",96.25
"20150226CLE","20150226","8:00 PM","CLE","GSW",-3,216.5,"CLE",109.75,"GSW",106.75
"20150226PHX","20150226","10:35 PM","PHX","OKC",-5,217.5,"OKC",111.25,"PHX",106.25
"20150227PHI","20150227","7:05 PM","PHI","WAS",-7.5,193.5,"WAS",100.5,"PHI",93
"20150227IND","20150227","7:05 PM","IND","CLE",-2.5,194,"IND",98.25,"CLE",95.75
"20150227DET","20150227","7:35 PM","DET","NYK",-13,192.5,"DET",102.75,"NYK",89.75
"20150227ATL","20150227","7:35 PM","ATL","ORL",-11,195.5,"ATL",103.25,"ORL",92.25
"20150227TOR","20150227","7:35 PM","TOR","GSW",-2,212.5,"GSW",107.25,"TOR",105.25
"20150227BOS","20150227","7:35 PM","BOS","CHA",-1.5,196,"BOS",98.75,"CHA",97.25
"20150227MEM","20150227","8:05 PM","MEM","LAC",-4.5,198,"MEM",101.25,"LAC",96.75
"20150227HOU","20150227","8:05 PM","HOU","BKN",-7.5,208.5,"HOU",108,"BKN",100.5
"20150227NOP","20150227","8:05 PM","NOP","MIA",-2,196,"MIA",99,"NOP",97
"20150227CHI","20150227","8:05 PM","CHI","MIN",-5,193.5,"CHI",99.25,"MIN",94.25
"20150227DEN","20150227","9:05 PM","DEN","UTA",-4.5,194,"UTA",99.25,"DEN",94.75
"20150227SAC","20150227","10:05 PM","SAC","SAS",-9.5,202.5,"SAS",106,"SAC",96.5
"20150227LAL","20150227","10:35 PM","LAL","MIL",-6.5,192.5,"MIL",99.5,"LAL",93
"20150227POR","20150227","10:35 PM","POR","OKC",-6,206,"POR",106,"OKC",100
"20150228WAS","20150228","7:05 PM","WAS","DET",-4.5,194.5,"WAS",99.5,"DET",95
"20150228NYK","20150228","7:35 PM","NYK","TOR",-10.5,189.5,"TOR",100,"NYK",89.5
"20150228MIA","20150228","7:35 PM","MIA","ATL",-2.5,196.5,"ATL",99.5,"MIA",97
"20150228MIN","20150228","8:05 PM","MIN","MEM",-5.5,189.5,"MEM",97.5,"MIN",92
"20150228DAL","20150228","8:35 PM","DAL","BKN",-8,201,"DAL",104.5,"BKN",96.5
"20150228UTA","20150228","9:05 PM","UTA","MIL",-3.5,182,"UTA",92.75,"MIL",89.25
"20150228PHX","20150228","9:05 PM","PHX","SAS",-2,207,"PHX",104.5,"SAS",102.5
"20150301CHI","20150301","1:00 PM","CHI","LAC",-2,197.5,"LAC",99.75,"CHI",97.75
"20150301LAL","20150301","6:35 PM","LAL","OKC",-4,198.5,"OKC",101.25,"LAL",97.25
"20150301ORL","20150301","6:05 PM","ORL","CHA",-1.5,185,"CHA",93.25,"ORL",91.75
"20150301BOS","20150301","6:05 PM","BOS","GSW",-8.5,217.5,"GSW",113,"BOS",104.5
"20150301IND","20150301","6:05 PM","IND","PHI",-11,193,"IND",102,"PHI",91
"20150301SAC","20150301","6:05 PM","SAC","POR",-8,205.5,"POR",106.75,"SAC",98.75
"20150301HOU","20150301","3:30 PM","HOU","CLE",1,206,"HOU",102.5,"CLE",103.5
"20150301DEN","20150301","8:05 PM","DEN","NOP",-4.5,197,"NOP",100.75,"DEN",96.25
"20150302PHI","20150302","7:05 PM","PHI","TOR",-9.5,191.5,"TOR",100.5,"PHI",91
"20150302MIA","20150302","7:35 PM","MIA","PHX",-2,207,"MIA",104.5,"PHX",102.5
"20150302BKN","20150302","7:35 PM","BKN","GSW",-6,209,"GSW",107.5,"BKN",101.5
"20150302MIN","20150302","8:05 PM","MIN","LAC",-6.5,204.5,"LAC",105.5,"MIN",99
"20150302DAL","20150302","8:35 PM","DAL","NOP",-8,197,"DAL",102.5,"NOP",94.5
"20150303CHA","20150303","7:05 PM","CHA","LAL",-8.5,196,"CHA",102.25,"LAL",93.75
"20150303CLE","20150303","7:05 PM","CLE","BOS",-11,209,"CLE",110,"BOS",99
"20150303ATL","20150303","7:35 PM","ATL","HOU",-8.5,198,"ATL",103.25,"HOU",94.75
"20150303MEM","20150303","8:05 PM","MEM","UTA",-7,182,"MEM",94.5,"UTA",87.5
"20150303CHI","20150303","8:05 PM","CHI","WAS",-1.5,187.5,"WAS",94.5,"CHI",93
"20150303DEN","20150303","9:05 PM","DEN","MIL",-5.5,196.5,"MIL",101,"DEN",95.5
"20150303NYK","20150303","7:05 PM","NYK","SAC",-4.5,203.5,"SAC",104,"NYK",99.5
"20150304IND","20150304","7:05 PM","IND","NYK",-13.5,191,"IND",102.25,"NYK",88.75
"20150304ORL","20150304","7:05 PM","ORL","PHX",-4.5,201.5,"PHX",103,"ORL",98.5
"20150304BOS","20150304","7:35 PM","BOS","UTA",-1,193,"BOS",97,"UTA",96
"20150304TOR","20150304","7:35 PM","TOR","CLE",-4.5,204,"CLE",104.25,"TOR",99.75
"20150304BKN","20150304","7:35 PM","BKN","CHA",-5.5,194.5,"BKN",100,"CHA",94.5
"20150304MIN","20150304","8:05 PM","MIN","DEN",-7,209,"MIN",108,"DEN",101
"20150304HOU","20150304","8:05 PM","HOU","MEM",-3,197,"HOU",100,"MEM",97
"20150304MIA","20150304","8:05 PM","MIA","LAL",-9.5,201.5,"MIA",105.5,"LAL",96
"20150304OKC","20150304","8:05 PM","OKC","PHI",-15,203,"OKC",109,"PHI",94
"20150304NOP","20150304","8:05 PM","NOP","DET",-5,195.5,"NOP",100.25,"DET",95.25
"20150304SAS","20150304","8:35 PM","SAS","SAC",-10.5,207,"SAS",108.75,"SAC",98.25
"20150304LAC","20150304","10:35 PM","LAC","POR",-1.5,204,"POR",102.75,"LAC",101.25
"20150304GSW","20150304","10:35 PM","GSW","MIL",-13.5,204,"GSW",108.75,"MIL",95.25
"20150305CHI","20150305","8:00 PM","CHI","OKC",-1,199.5,"OKC",100.25,"CHI",99.25
"20150305POR","20150305","10:35 PM","POR","DAL",-3,197.5,"POR",100.25,"DAL",97.25
"20150306CHA","20150306","7:05 PM","CHA","TOR",-1.5,194.5,"CHA",98,"TOR",96.5
"20150306IND","20150306","7:05 PM","IND","CHI",-6,186,"IND",96,"CHI",90
"20150306ORL","20150306","7:05 PM","ORL","SAC",-3,200.5,"SAC",101.75,"ORL",98.75
"20150306PHI","20150306","7:05 PM","PHI","UTA",-7.5,186.5,"UTA",97,"PHI",89.5
"20150306BKN","20150306","8:05 PM","BKN","PHX",-2,212,"BKN",107,"PHX",105
"20150306ATL","20150306","7:35 PM","ATL","CLE",-1.5,207.5,"CLE",104.5,"ATL",103
"20150306MEM","20150306","8:05 PM","MEM","LAL",-10.5,196,"MEM",103.25,"LAL",92.75
"20150306HOU","20150306","8:05 PM","HOU","DET",-7.5,207.5,"HOU",107.5,"DET",100
"20150306WAS","20150306","7:05 PM","WAS","MIA",-6,193,"WAS",99.5,"MIA",93.5
"20150306NOP","20150306","8:05 PM","NOP","BOS",-7,199.5,"NOP",103.25,"BOS",96.25
"20150306SAS","20150306","8:35 PM","SAS","DEN",-11,205.5,"SAS",108.25,"DEN",97.25
"20150306GSW","20150306","10:35 PM","GSW","DAL",-11.5,209,"GSW",110.25,"DAL",98.75
"20150307NOP","20150307","6:05 PM","NOP","MEM",-1.5,186,"NOP",93.75,"MEM",92.25
"20150307MIA","20150307","6:35 PM","MIA","SAC",1,204,"SAC",101.5,"MIA",102.5
"20150307PHI","20150307","6:35 PM","PHI","ATL",-7.5,194,"ATL",100.75,"PHI",93.25
"20150307NYK","20150307","6:35 PM","NYK","IND",-9,188,"IND",98.5,"NYK",89.5
"20150307CLE","20150307","6:35 PM","CLE","PHX",-11,211.5,"CLE",111.25,"PHX",100.25
"20150307MIN","20150307","7:05 PM","MIN","POR",-5,198,"POR",101.5,"MIN",96.5
"20150307MIL","20150307","7:35 PM","MIL","WAS",-4.5,186.5,"MIL",95.5,"WAS",91
"20150307DEN","20150307","8:05 PM","DEN","HOU",-4,215,"HOU",109.5,"DEN",105.5
"20150308SAS","20150308","12:00 PM","SAS","CHI",-10,190.5,"SAS",100.25,"CHI",90.25
"20150308GSW","20150308","2:30 PM","GSW","LAC",-8.5,212,"GSW",110.25,"LAC",101.75
"20150308BKN","20150308","5:05 PM","BKN","UTA",-2,185.5,"BKN",93.75,"UTA",91.75
"20150308ORL","20150308","5:05 PM","ORL","BOS",-2.5,197.5,"BOS",100,"ORL",97.5
"20150308DET","20150308","5:05 PM","DET","CHA",-1,191.5,"CHA",96.25,"DET",95.25
"20150308OKC","20150308","6:05 PM","OKC","TOR",-6.5,213,"OKC",109.75,"TOR",103.25
"20150308LAL","20150308","8:35 PM","LAL","DAL",-7.5,202.5,"DAL",105,"LAL",97.5
"20150309CHA","20150309","6:05 PM","CHA","WAS",-2.5,191.5,"CHA",97,"WAS",94.5
"20150309MIA","20150309","6:35 PM","MIA","BOS",-2.5,198,"MIA",100.25,"BOS",97.75
"20150309ATL","20150309","6:35 PM","ATL","SAC",-11,209.5,"ATL",110.25,"SAC",99.25
"20150309CHI","20150309","7:05 PM","CHI","MEM",-5.5,183.5,"MEM",94.5,"CHI",89
"20150309MIL","20150309","7:05 PM","MIL","NOP",-1.5,186.5,"NOP",94,"MIL",92.5
"20150309DEN","20150309","8:05 PM","DEN","NYK",-10,204.5,"DEN",107.25,"NYK",97.25
"20150309PHX","20150309","9:05 PM","PHX","GSW",-5.5,213.5,"GSW",109.5,"PHX",104
"20150309LAC","20150309","9:35 PM","LAC","MIN",-7.5,208,"LAC",107.75,"MIN",100.25
"20150310IND","20150310","6:05 PM","IND","ORL",-8.5,187.5,"IND",98,"ORL",89.5
"20150310BKN","20150310","6:35 PM","BKN","NOP",-2.5,193,"BKN",97.75,"NOP",95.25
"20150310SAS","20150310","7:35 PM","SAS","TOR",-7,204.5,"SAS",105.75,"TOR",98.75
"20150310DAL","20150310","7:35 PM","DAL","CLE",-4,201,"CLE",102.5,"DAL",98.5
"20150310UTA","20150310","8:05 PM","UTA","NYK",-13,179,"UTA",96,"NYK",83
"20150310LAL","20150310","9:35 PM","LAL","DET",-3.5,201.5,"DET",102.5,"LAL",99
"20150311PHI","20150311","6:05 PM","PHI","CHI",-6.5,189,"CHI",97.75,"PHI",91.25
"20150311CHA","20150311","6:05 PM","CHA","SAC",-8,204.5,"CHA",106.25,"SAC",98.25
"20150311BOS","20150311","6:35 PM","BOS","MEM",-6.5,189,"MEM",97.75,"BOS",91.25
"20150311MIA","20150311","6:35 PM","MIA","BKN",-4,200.5,"MIA",102.25,"BKN",98.25
"20150311MIL","20150311","7:05 PM","MIL","ORL",-8,189,"MIL",98.5,"ORL",90.5
"20150311OKC","20150311","7:05 PM","OKC","LAC",-6.5,209.5,"OKC",108,"LAC",101.5
"20150311DEN","20150311","8:05 PM","DEN","ATL",-7,207.5,"ATL",107.25,"DEN",100.25
"20150311PHX","20150311","9:05 PM","PHX","MIN",-5,204.5,"PHX",104.75,"MIN",99.75
"20150311POR","20150311","9:35 PM","POR","HOU",-2.5,206.5,"POR",104.5,"HOU",102
"20150311GSW","20150311","9:35 PM","GSW","DET",-14.5,204.5,"GSW",109.5,"DET",95
"20150312IND","20150312","6:05 PM","IND","MIL",-7,186.5,"IND",96.75,"MIL",89.75
"20150312WAS","20150312","6:00 PM","WAS","MEM",-8.5,182.5,"WAS",95.5,"MEM",87
"20150312SAS","20150312","8:35 PM","SAS","CLE",-1.5,206.5,"CLE",104,"SAS",102.5
"20150312UTA","20150312","8:05 PM","UTA","HOU",-2,191.5,"HOU",96.75,"UTA",94.75
"20150312LAL","20150312","9:35 PM","LAL","NYK",-7,191.5,"LAL",99.25,"NYK",92.25
"20150313CHA","20150313","6:05 PM","CHA","CHI",-1,188,"CHI",94.5,"CHA",93.5
"20150313PHI","20150313","6:05 PM","PHI","SAC",-4.5,207,"SAC",105.75,"PHI",101.25
"20150313BOS","20150313","6:35 PM","BOS","ORL",-5,194,"BOS",99.5,"ORL",94.5
"20150313TOR","20150313","6:35 PM","TOR","MIA",-5,204,"TOR",104.5,"MIA",99.5
"20150313OKC","20150313","7:05 PM","OKC","MIN",-10.5,212.5,"OKC",111.5,"MIN",101
"20150313DAL","20150313","7:35 PM","DAL","LAC",-2.5,204.5,"DAL",103.5,"LAC",101
"20150313DEN","20150313","8:05 PM","DEN","GSW",-3,207,"DEN",105,"GSW",102
"20150313PHX","20150313","9:05 PM","PHX","ATL",-6.5,203,"ATL",104.75,"PHX",98.25
"20150313POR","20150313","9:05 PM","POR","DET",-8,195.5,"POR",101.75,"DET",93.75
"20150314IND","20150314","6:05 PM","IND","BOS",-8.5,193,"IND",100.75,"BOS",92.25
"20150314WAS","20150314","6:05 PM","WAS","SAC",-10,207.5,"WAS",108.75,"SAC",98.75
"20150314PHI","20150314","6:35 PM","PHI","BKN",-6.5,198,"BKN",102.25,"PHI",95.75
"20150314MEM","20150314","7:05 PM","MEM","MIL",-6.5,183,"MEM",94.75,"MIL",88.25
"20150314UTA","20150314","8:05 PM","UTA","DET",-8,183.5,"UTA",95.75,"DET",87.75
"20150314GSW","20150314","9:35 PM","GSW","NYK",-19.5,200,"GSW",109.75,"NYK",90.25
"20150315OKC","20150315","12:00 PM","OKC","CHI",-7,204,"OKC",105.5,"CHI",98.5
"20150315LAC","20150315","2:30 PM","LAC","HOU",-4.5,213.5,"LAC",109,"HOU",104.5
"20150315ORL","20150315","5:05 PM","ORL","CLE",-10.5,200,"CLE",105.25,"ORL",94.75
"20150315NOP","20150315","5:05 PM","NOP","DEN",-8,209,"NOP",108.5,"DEN",100.5
"20150315TOR","20150315","6:05 PM","TOR","POR",-1.5,204.5,"TOR",103,"POR",101.5
"20150315SAS","20150315","6:05 PM","SAS","MIN",-14,205.5,"SAS",109.75,"MIN",95.75
"20150315PHX","20150315","8:05 PM","PHX","NYK",-11.5,196,"PHX",103.75,"NYK",92.25
"20150315LAL","20150315","8:35 PM","LAL","ATL",-6.5,194.5,"ATL",100.5,"LAL",94
"20150316IND","20150316","6:05 PM","IND","TOR",-5,198,"IND",101.5,"TOR",96.5
"20150316WAS","20150316","6:05 PM","WAS","POR",-1,198,"WAS",99.5,"POR",98.5
"20150316BOS","20150316","6:35 PM","BOS","PHI",-8.5,195.5,"BOS",102,"PHI",93.5
"20150316MIN","20150316","7:05 PM","MIN","BKN",-4.5,197.5,"BKN",101,"MIN",96.5
"20150316MEM","20150316","7:05 PM","MEM","DEN",-12.5,194,"MEM",103.25,"DEN",90.75
"20150316MIA","20150316","7:05 PM","MIA","CLE",-5.5,204,"CLE",104.75,"MIA",99.25
"20150316DAL","20150316","7:35 PM","DAL","OKC",-6,215,"DAL",110.5,"OKC",104.5
"20150316UTA","20150316","8:05 PM","UTA","CHA",-4.5,181,"UTA",92.75,"CHA",88.25
"20150316SAC","20150316","9:05 PM","SAC","ATL",-4.5,206.5,"ATL",105.5,"SAC",101
"20150316GSW","20150316","9:35 PM","GSW","LAL",-18,209,"GSW",113.5,"LAL",95.5
"20150317NYK","20150317","6:35 PM","NYK","SAS",-14.5,194.5,"SAS",104.5,"NYK",90
"20150317DET","20150317","6:35 PM","DET","MEM",-4.5,184.5,"MEM",94.5,"DET",90
"20150317NOP","20150317","7:05 PM","NOP","MIL",-7,190.5,"NOP",98.75,"MIL",91.75
"20150317HOU","20150317","7:05 PM","HOU","ORL",-11,207,"HOU",109,"ORL",98
"20150317LAC","20150317","9:35 PM","LAC","CHA",-10,201.5,"LAC",105.75,"CHA",95.75
"20150318CLE","20150318","6:05 PM","CLE","BKN",-12,207.5,"CLE",109.75,"BKN",97.75
"20150318PHI","20150318","6:05 PM","PHI","DET",-1,195,"PHI",98,"DET",97
"20150318TOR","20150318","6:35 PM","TOR","MIN",-11,209.5,"TOR",110.25,"MIN",99.25
"20150318MIA","20150318","6:35 PM","MIA","POR",-2.5,202,"POR",102.25,"MIA",99.75
"20150318MIL","20150318","7:05 PM","MIL","SAS",-5.5,192,"SAS",98.75,"MIL",93.25
"20150318CHI","20150318","7:05 PM","CHI","IND",-1,189.5,"CHI",95.25,"IND",94.25
"20150318DAL","20150318","7:05 PM","DAL","ORL",-12.5,205.5,"DAL",109,"ORL",96.5
"20150318OKC","20150318","7:05 PM","OKC","BOS",-6.5,212,"OKC",109.25,"BOS",102.75
"20150318SAC","20150318","9:05 PM","SAC","LAC",-9,214,"LAC",111.5,"SAC",102.5
"20150318GSW","20150318","9:35 PM","GSW","ATL",-6.5,207.5,"GSW",107,"ATL",100.5
"20150318UTA","20150318","9:35 PM","UTA","WAS",-3,180.5,"UTA",91.75,"WAS",88.75
"20150319WAS","20150319","7:05 PM","WAS","MIL",-3,200,"WAS",101.5,"MIL",98.5
"20150319BKN","20150319","7:35 PM","BKN","ATL",-4.5,197,"ATL",100.75,"BKN",96.25
"20150319MIA","20150319","7:35 PM","MIA","MIN",-8.5,197,"MIA",102.75,"MIN",94.25
"20150319DET","20150319","7:35 PM","DET","CLE",-4.5,194.5,"CLE",99.5,"DET",95
"20150319NYK","20150319","7:35 PM","NYK","CHA",-1,196.5,"CHA",98.75,"NYK",97.75
"20150319NOP","20150319","8:05 PM","NOP","DEN",-6,205.5,"NOP",105.75,"DEN",99.75
"20150319GSW","20150319","10:35 PM","GSW","TOR",-9.5,207.5,"GSW",108.5,"TOR",99
"20150320PHI","20150320","6:05 PM","PHI","NYK",-5.5,188.5,"PHI",97,"NYK",91.5
"20150320ORL","20150320","6:05 PM","ORL","POR",-8,200,"POR",104,"ORL",96
"20150320MIA","20150320","6:35 PM","MIA","DEN",-7.5,210,"MIA",108.75,"DEN",101.25
"20150320BKN","20150320","6:35 PM","BKN","MIL",-2,193.5,"BKN",97.75,"MIL",95.75
"20150320CLE","20150320","6:35 PM","CLE","IND",-10.5,200.5,"CLE",105.5,"IND",95
"20150320OKC","20150320","7:05 PM","OKC","ATL",1,210.5,"OKC",104.75,"ATL",105.75
"20150320CHI","20150320","7:05 PM","CHI","TOR",-1.5,198.5,"CHI",100,"TOR",98.5
"20150320DAL","20150320","7:35 PM","DAL","MEM",-3,196.5,"DAL",99.75,"MEM",96.75
"20150320SAS","20150320","7:35 PM","SAS","BOS",-9,206,"SAS",107.5,"BOS",98.5
"20150320SAC","20150320","9:05 PM","SAC","CHA",-5,206.5,"CHA",105.75,"SAC",100.75
"20150320GSW","20150320","9:35 PM","GSW","NOP",-13.5,202.5,"GSW",108,"NOP",94.5
"20150320LAC","20150320","9:35 PM","LAC","WAS",-7,201,"LAC",104,"WAS",97
"20150321IND","20150321","6:05 PM","IND","BKN",-8.5,195.5,"IND",102,"BKN",93.5
"20150321DET","20150321","6:35 PM","DET","CHI",-3,193,"CHI",98,"DET",95
"20150321MEM","20150321","7:05 PM","MEM","POR",-3,194,"MEM",98.5,"POR",95.5
"20150321HOU","20150321","7:05 PM","HOU","PHX",-7.5,207,"HOU",107.25,"PHX",99.75
"20150321GSW","20150321","9:35 PM","GSW","UTA",-9,191.5,"GSW",100.25,"UTA",91.25
"20150322OKC","20150322","2:05 PM","OKC","MIA",-3.5,212.5,"OKC",108,"MIA",104.5
"20150322ATL","20150322","2:05 PM","ATL","SAS",-1.5,201,"ATL",101.25,"SAS",99.75
"20150322MIL","20150322","2:05 PM","MIL","CLE",-7.5,195.5,"CLE",101.5,"MIL",94
"20150322LAC","20150322","2:35 PM","LAC","NOP",-10,199,"LAC",104.5,"NOP",94.5
"20150322TOR","20150322","3:05 PM","TOR","NYK",-12,195,"TOR",103.5,"NYK",91.5
"20150322SAC","20150322","5:05 PM","SAC","WAS",-3.5,209,"WAS",106.25,"SAC",102.75
"20150322BOS","20150322","5:05 PM","BOS","DET",-5.5,196.5,"BOS",101,"DET",95.5
"20150322ORL","20150322","5:05 PM","ORL","DEN",-1,206,"DEN",103.5,"ORL",102.5
"20150322MIN","20150322","6:05 PM","MIN","CHA",-5.5,198.5,"CHA",102,"MIN",96.5
"20150322PHX","20150322","8:05 PM","PHX","DAL",-4.5,206.5,"DAL",105.5,"PHX",101
"20150322LAL","20150322","8:35 PM","LAL","PHI",-5,193.5,"LAL",99.25,"PHI",94.25
"20150323IND","20150323","6:05 PM","IND","HOU",-1.5,203.5,"HOU",102.5,"IND",101
"20150323NYK","20150323","6:35 PM","NYK","MEM",-14,183,"MEM",98.5,"NYK",84.5
"20150323BKN","20150323","6:35 PM","BKN","BOS",-5,203.5,"BKN",104.25,"BOS",99.25
"20150323CHI","20150323","7:05 PM","CHI","CHA",-7,191.5,"CHI",99.25,"CHA",92.25
"20150323UTA","20150323","8:05 PM","UTA","MIN",-10.5,182,"UTA",96.25,"MIN",85.75
"20150323GSW","20150323","9:35 PM","GSW","WAS",-11,207.5,"GSW",109.25,"WAS",98.25
"20150324DET","20150324","6:35 PM","DET","TOR",-4,204.5,"TOR",104.25,"DET",100.25
"20150324OKC","20150324","7:05 PM","OKC","LAL",-9.5,214.5,"OKC",112,"LAL",102.5
"20150324MIL","20150324","7:05 PM","MIL","MIA",-2,191,"MIA",96.5,"MIL",94.5
"20150324DAL","20150324","7:05 PM","DAL","SAS",-3.5,206.5,"SAS",105,"DAL",101.5
"20150324SAC","20150324","9:05 PM","SAC","PHI",-8.5,206.5,"SAC",107.5,"PHI",99
"20150324POR","20150324","9:35 PM","POR","GSW",-7,204.5,"GSW",105.75,"POR",98.75
"20150325CHA","20150325","6:05 PM","CHA","BKN",-3.5,197.5,"CHA",100.5,"BKN",97
"20150325NYK","20150325","6:05 PM","NYK","LAC",-15,197,"LAC",106,"NYK",91
"20150325WAS","20150325","6:05 PM","WAS","IND",-3,188.5,"WAS",95.75,"IND",92.75
"20150325ORL","20150325","6:05 PM","ORL","ATL",-9,199.5,"ATL",104.25,"ORL",95.25
"20150325TOR","20150325","6:05 PM","TOR","CHI",-3,197,"CHI",100,"TOR",97
"20150325BOS","20150325","6:35 PM","BOS","MIA",-8.5,198.5,"BOS",103.5,"MIA",95
"20150325MEM","20150325","7:05 PM","MEM","CLE",-1.5,194,"CLE",97.75,"MEM",96.25
"20150325NOP","20150325","7:05 PM","NOP","HOU",-1,203,"NOP",102,"HOU",101
"20150325MIN","20150325","7:05 PM","MIN","LAL",-1,201,"MIN",101,"LAL",100
"20150325UTA","20150325","8:05 PM","UTA","POR",-2,180.5,"UTA",91.25,"POR",89.25
"20150325DEN","20150325","8:05 PM","DEN","PHI",-11.5,209,"DEN",110.25,"PHI",98.75
"20150325SAS","20150325","8:35 PM","SAS","OKC",-7.5,216,"SAS",111.75,"OKC",104.25
"20150325PHX","20150325","9:05 PM","PHX","SAC",-8,213,"PHX",110.5,"SAC",102.5
"20150326MIL","20150326","7:05 PM","MIL","IND",-4,188,"MIL",96,"IND",92
"20150327ORL","20150327","6:05 PM","ORL","DET",-2.5,197.5,"DET",100,"ORL",97.5
"20150327PHI","20150327","6:05 PM","PHI","LAC",-12,202,"LAC",107,"PHI",95
"20150327WAS","20150327","6:05 PM","WAS","CHA",-5,188,"WAS",96.5,"CHA",91.5
"20150327TOR","20150327","6:35 PM","TOR","LAL",-8.5,203.5,"TOR",106,"LAL",97.5
"20150327BKN","20150327","6:35 PM","BKN","CLE",-8.5,208,"CLE",108.25,"BKN",99.75
"20150327ATL","20150327","6:35 PM","ATL","MIA",-8,195.5,"ATL",101.75,"MIA",93.75
"20150327NYK","20150327","6:35 PM","NYK","BOS",-11,194,"BOS",102.5,"NYK",91.5
"20150327NOP","20150327","7:05 PM","NOP","SAC",-6.5,205.5,"NOP",106,"SAC",99.5
"20150327HOU","20150327","7:05 PM","HOU","MIN",-14,205.5,"HOU",109.75,"MIN",95.75
"20150327MEM","20150327","7:05 PM","MEM","GSW",-3.5,198.5,"GSW",101,"MEM",97.5
"20150327SAS","20150327","7:35 PM","SAS","DAL",-8.5,205.5,"SAS",107,"DAL",98.5
"20150327DEN","20150327","8:05 PM","DEN","UTA",-2,189,"DEN",95.5,"UTA",93.5
"20150327PHX","20150327","9:05 PM","PHX","POR",-1,201,"POR",101,"PHX",100
"20150328CHA","20150328","6:05 PM","CHA","ATL",-6,188,"CHA",97,"ATL",91
"20150328CHI","20150328","7:05 PM","CHI","NYK",-17.5,190,"CHI",103.75,"NYK",86.25
"20150328MIL","20150328","7:35 PM","MIL","GSW",-4.5,207.5,"GSW",106,"MIL",101.5
"20150328UTA","20150328","8:05 PM","UTA","OKC",-6,199.5,"OKC",102.75,"UTA",96.75
"20150328POR","20150328","9:05 PM","POR","DEN",-9,207,"POR",108,"DEN",99
"20150329WAS","20150329","11:30 AM","WAS","HOU",-2,204,"HOU",103,"WAS",101
"20150329BKN","20150329","2:35 PM","BKN","LAL",-8,199,"BKN",103.5,"LAL",95.5
"20150329NOP","20150329","3:05 PM","NOP","MIN",-13,196,"NOP",104.5,"MIN",91.5
"20150329CLE","20150329","3:35 PM","CLE","PHI",-17,200,"CLE",108.5,"PHI",91.5
"20150329BOS","20150329","5:05 PM","BOS","LAC",-6,207.5,"LAC",106.75,"BOS",100.75
"20150329MIA","20150329","5:05 PM","MIA","DET",-2.5,193.5,"MIA",98,"DET",95.5
"20150329IND","20150329","6:05 PM","IND","DAL",-2.5,197,"IND",99.75,"DAL",97.25
"20150329SAS","20150329","6:05 PM","SAS","MEM",-8,193,"SAS",100.5,"MEM",92.5
"20150329PHX","20150329","8:05 PM","PHX","OKC",-2,211.5,"PHX",106.75,"OKC",104.75
"20150330CHA","20150330","6:05 PM","CHA","BOS",-3,195.5,"CHA",99.25,"BOS",96.25
"20150330PHI","20150330","6:05 PM","PHI","LAL",-5,191.5,"PHI",98.25,"LAL",93.25
"20150330TOR","20150330","6:35 PM","TOR","HOU",-2,209,"TOR",105.5,"HOU",103.5
"20150330ATL","20150330","6:35 PM","ATL","MIL",-9,194.5,"ATL",101.75,"MIL",92.75
"20150330MIN","20150330","7:05 PM","MIN","UTA",-7.5,187.5,"UTA",97.5,"MIN",90
"20150330MEM","20150330","7:05 PM","MEM","SAC",-10.5,199.5,"MEM",105,"SAC",94.5
"20150330POR","20150330","9:05 PM","POR","PHX",-8.5,199.5,"POR",104,"PHX",95.5
"20150331DET","20150331","6:35 PM","DET","ATL",-2,199.5,"ATL",100.75,"DET",98.75
"20150331BKN","20150331","6:35 PM","BKN","IND",-1,200,"IND",100.5,"BKN",99.5
"20150331MIA","20150331","7:05 PM","MIA","SAS",-8,194.5,"SAS",101.25,"MIA",93.25
"20150331LAC","20150331","9:35 PM","LAC","GSW",-3,218.5,"LAC",110.75,"GSW",107.75
"20150401CHA","20150401","6:05 PM","CHA","DET",-5.5,196.5,"CHA",101,"DET",95.5
"20150401WAS","20150401","6:05 PM","WAS","PHI",-10,190,"WAS",100,"PHI",90
"20150401ORL","20150401","6:05 PM","ORL","SAS",-10,197.5,"SAS",103.75,"ORL",93.75
"20150401BOS","20150401","6:35 PM","BOS","IND",-4,200.5,"BOS",102.25,"IND",98.25
"20150401NYK","20150401","6:35 PM","NYK","BKN",-9.5,195,"BKN",102.25,"NYK",92.75
"20150401MIL","20150401","7:05 PM","MIL","CHI",-5,191.5,"CHI",98.25,"MIL",93.25
"20150401MIN","20150401","7:05 PM","MIN","TOR",-10,203.5,"TOR",106.75,"MIN",96.75
"20150401OKC","20150401","7:05 PM","OKC","DAL",-2.5,214,"OKC",108.25,"DAL",105.75
"20150401HOU","20150401","7:05 PM","HOU","SAC",-10.5,211.5,"HOU",111,"SAC",100.5
"20150401UTA","20150401","8:05 PM","UTA","DEN",-5,195,"UTA",100,"DEN",95
"20150401POR","20150401","9:05 PM","POR","LAC",-3,209.5,"POR",106.25,"LAC",103.25
"20150401LAL","20150401","9:35 PM","LAL","NOP",-9.5,196.5,"NOP",103,"LAL",93.5
"20150402CLE","20150402","7:05 PM","CLE","MIA",-9.5,196.5,"CLE",103,"MIA",93.5
"20150402DAL","20150402","7:35 PM","DAL","HOU",-2.5,210.5,"DAL",106.5,"HOU",104
"20150402GSW","20150402","9:35 PM","GSW","PHX",-12.5,210,"GSW",111.25,"PHX",98.75
"20150403WAS","20150403","6:05 PM","WAS","NYK",-14.5,190,"WAS",102.25,"NYK",87.75
"20150403IND","20150403","6:05 PM","IND","CHA",-4.5,193.5,"IND",99,"CHA",94.5
"20150403BKN","20150403","6:35 PM","BKN","TOR",-2,206,"BKN",104,"TOR",102
"20150403BOS","20150403","6:35 PM","BOS","MIL",-5,194.5,"BOS",99.75,"MIL",94.75
"20150403MEM","20150403","7:05 PM","MEM","OKC",-5.5,204.5,"MEM",105,"OKC",99.5
"20150403MIN","20150403","7:05 PM","MIN","ORL",-4.5,205.5,"ORL",105,"MIN",100.5
"20150403CHI","20150403","7:05 PM","CHI","DET",-9.5,196.5,"CHI",103,"DET",93.5
"20150403SAS","20150403","7:35 PM","SAS","DEN",-13,208,"SAS",110.5,"DEN",97.5
"20150403SAC","20150403","9:05 PM","SAC","NOP",-6.5,203,"NOP",104.75,"SAC",98.25
"20150403LAL","20150403","9:35 PM","LAL","POR",-10.5,203,"POR",106.75,"LAL",96.25
"20150404CHA","20150404","6:05 PM","CHA","PHI",-6.5,189,"CHA",97.75,"PHI",91.25
"20150404DET","20150404","6:35 PM","DET","MIA",-4.5,189.5,"MIA",97,"DET",92.5
"20150404TOR","20150404","6:35 PM","TOR","BOS",-2,209,"TOR",105.5,"BOS",103.5
"20150404ATL","20150404","6:35 PM","ATL","BKN",-10,206,"ATL",108,"BKN",98
"20150404MEM","20150404","7:05 PM","MEM","WAS",-8,187,"MEM",97.5,"WAS",89.5
"20150404MIL","20150404","7:35 PM","MIL","ORL",-9,194,"MIL",101.5,"ORL",92.5
"20150404DAL","20150404","7:35 PM","DAL","GSW",-6.5,216,"GSW",111.25,"DAL",104.75
"20150404DEN","20150404","8:05 PM","DEN","LAC",-11,215.5,"LAC",113.25,"DEN",102.25
"20150404PHX","20150404","9:05 PM","PHX","UTA",-1.5,188.5,"PHX",95,"UTA",93.5
"20150404POR","20150404","9:05 PM","POR","NOP",-5,192,"POR",98.5,"NOP",93.5
"20150405OKC","20150405","12:00 PM","OKC","HOU",-1,219,"HOU",110,"OKC",109
"20150405CLE","20150405","2:30 PM","CLE","CHI",-8,194.5,"CLE",101.25,"CHI",93.25
"20150405IND","20150405","5:05 PM","IND","MIA",-6.5,192,"IND",99.25,"MIA",92.75
"20150405SAS","20150405","6:05 PM","SAS","GSW",-4.5,211,"SAS",107.75,"GSW",103.25
"20150405NYK","20150405","6:35 PM","NYK","PHI",-1,187,"NYK",94,"PHI",93
"20150405SAC","20150405","8:05 PM","SAC","UTA",-1.5,189,"SAC",95.25,"UTA",93.75
"20150405LAL","20150405","8:35 PM","LAL","LAC",-13.5,210,"LAC",111.75,"LAL",98.25
"20150406BKN","20150406","6:05 PM","BKN","POR",-6,203.5,"BKN",104.75,"POR",98.75
"20150407MIA","20150407","6:35 PM","MIA","CHA",-6.5,190.5,"MIA",98.5,"CHA",92
"20150407ATL","20150407","6:35 PM","ATL","PHX",-7,200,"ATL",103.5,"PHX",96.5
"20150407OKC","20150407","7:05 PM","OKC","SAS",-6,214.5,"SAS",110.25,"OKC",104.25
"20150407NOP","20150407","7:05 PM","NOP","GSW",-4.5,206.5,"GSW",105.5,"NOP",101
"20150407SAC","20150407","9:05 PM","SAC","MIN",-8.5,214,"SAC",111.25,"MIN",102.75
"20150407LAC","20150407","9:35 PM","LAC","LAL",-17,207,"LAC",112,"LAL",95
"20150408PHI","20150408","6:05 PM","PHI","WAS",-5,186,"WAS",95.5,"PHI",90.5
"20150408ORL","20150408","6:05 PM","ORL","CHI",-7.5,191,"CHI",99.25,"ORL",91.75
"20150408CHA","20150408","6:05 PM","CHA","TOR",-3.5,199,"TOR",101.25,"CHA",97.75
"20150408NYK","20150408","6:35 PM","NYK","IND",-11.5,191.5,"IND",101.5,"NYK",90
"20150408BKN","20150408","6:35 PM","BKN","ATL",-4.5,204,"BKN",104.25,"ATL",99.75
"20150408DET","20150408","6:05 PM","DET","BOS",-2,203,"BOS",102.5,"DET",100.5
"20150408MIL","20150408","7:05 PM","MIL","CLE",-6.5,199,"CLE",102.75,"MIL",96.25
"20150408MEM","20150408","7:05 PM","MEM","NOP",-4.5,183.5,"MEM",94,"NOP",89.5
"20150408SAS","20150408","7:35 PM","SAS","HOU",-6.5,204,"SAS",105.25,"HOU",98.75
"20150408UTA","20150408","8:05 PM","UTA","SAC",-12,190,"UTA",101,"SAC",89
"20150408DEN","20150408","8:05 PM","DEN","LAL",-10,205,"DEN",107.5,"LAL",97.5
"20150408DAL","20150408","8:35 PM","DAL","PHX",-8.5,205.5,"DAL",107,"PHX",98.5
"20150408POR","20150408","9:05 PM","POR","MIN",-16.5,207.5,"POR",112,"MIN",95.5
"20150409MIA","20150409","7:05 PM","MIA","CHI",-2,192.5,"MIA",97.25,"CHI",95.25
"20150409GSW","20150409","9:35 PM","GSW","POR",-10.5,211,"GSW",110.75,"POR",100.25
"20150410ORL","20150410","6:05 PM","ORL","TOR",-5,202,"TOR",103.5,"ORL",98.5
"20150410DET","20150410","6:35 PM","DET","IND",-5.5,192.5,"IND",99,"DET",93.5
"20150410NYK","20150410","6:35 PM","NYK","MIL",-11,189,"MIL",100,"NYK",89
"20150410ATL","20150410","6:35 PM","ATL","CHA",-10,191.5,"ATL",100.75,"CHA",90.75
"20150410CLE","20150410","6:35 PM","CLE","BOS",-6,208.5,"CLE",107.25,"BOS",101.25
"20150410BKN","20150410","6:35 PM","BKN","WAS",-5,198,"BKN",101.5,"WAS",96.5
"20150410NOP","20150410","7:05 PM","NOP","PHX",-9,195.5,"NOP",102.25,"PHX",93.25
"20150410OKC","20150410","7:05 PM","OKC","SAC",-13.5,218,"OKC",115.75,"SAC",102.25
"20150410HOU","20150410","7:05 PM","HOU","SAS",-3.5,203.5,"SAS",103.5,"HOU",100
"20150410DEN","20150410","8:05 PM","DEN","DAL",-1.5,212,"DEN",106.75,"DAL",105.25
"20150410UTA","20150410","8:05 PM","UTA","MEM",-2.5,175.5,"MEM",89,"UTA",86.5
"20150410LAL","20150410","9:35 PM","LAL","MIN",-5.5,202,"LAL",103.75,"MIN",98.25
"20150411ORL","20150411","6:05 PM","ORL","NYK",-11,197,"ORL",104,"NYK",93
"20150411MIA","20150411","6:35 PM","MIA","TOR",-3.5,199,"MIA",101.25,"TOR",97.75
"20150411CHI","20150411","7:05 PM","CHI","PHI",-15.5,195,"CHI",105.25,"PHI",89.75
"20150411LAC","20150411","9:05 PM","LAC","MEM",-9.5,197,"LAC",103.25,"MEM",93.75
"20150411POR","20150411","9:05 PM","POR","UTA",-10,183,"POR",96.5,"UTA",86.5
"20150411GSW","20150411","9:35 PM","GSW","MIN",-20,214.5,"GSW",117.25,"MIN",97.25
"20150412MIL","20150412","2:05 PM","MIL","BKN",-1,202,"MIL",101.5,"BKN",100.5
"20150412BOS","20150412","2:05 PM","BOS","CLE",-10,197,"BOS",103.5,"CLE",93.5
"20150412DET","20150412","2:35 PM","DET","CHA",-8.5,193,"DET",100.75,"CHA",92.25
"20150412DEN","20150412","4:05 PM","DEN","SAC",-8.5,216.5,"DEN",112.5,"SAC",104
"20150412WAS","20150412","5:05 PM","WAS","ATL",-9,194,"WAS",101.5,"ATL",92.5
"20150412IND","20150412","5:05 PM","IND","OKC",-3,210.5,"IND",106.75,"OKC",103.75
"20150412HOU","20150412","6:05 PM","HOU","NOP",-5,199,"HOU",102,"NOP",97
"20150412SAS","20150412","6:05 PM","SAS","PHX",-17,199.5,"SAS",108.25,"PHX",91.25
"20150412LAL","20150412","8:35 PM","LAL","DAL",-6,203,"DAL",104.5,"LAL",98.5
"20150413CHA","20150413","6:05 PM","CHA","HOU",-11.5,201,"HOU",106.25,"CHA",94.75
"20150413PHI","20150413","6:05 PM","PHI","MIL",-3.5,196,"MIL",99.75,"PHI",96.25
"20150413CLE","20150413","6:05 PM","CLE","DET",-8,205,"CLE",106.5,"DET",98.5
"20150413ATL","20150413","6:35 PM","ATL","NYK",-14,196,"ATL",105,"NYK",91
"20150413MIA","20150413","6:35 PM","MIA","ORL",-6,198,"MIA",102,"ORL",96
"20150413BKN","20150413","6:35 PM","BKN","CHI",-2,198.5,"CHI",100.25,"BKN",98.25
"20150413MIN","20150413","7:05 PM","MIN","NOP",-14,198,"NOP",106,"MIN",92
"20150413OKC","20150413","7:05 PM","OKC","POR",-8,217,"OKC",112.5,"POR",104.5
"20150413UTA","20150413","8:05 PM","UTA","DAL",-6.5,187,"UTA",96.75,"DAL",90.25
"20150413SAC","20150413","9:05 PM","SAC","LAL",-3.5,208,"SAC",105.75,"LAL",102.25
"20150413GSW","20150413","9:35 PM","GSW","MEM",-8,197.5,"GSW",102.75,"MEM",94.75
"20150413LAC","20150413","9:35 PM","LAC","DEN",-18,215,"LAC",116.5,"DEN",98.5
"20150414BOS","20150414","6:35 PM","BOS","TOR",-1,207,"BOS",104,"TOR",103
"20150414IND","20150414","7:00 PM","IND","WAS",-7.5,192.5,"IND",100,"WAS",92.5
"20150414PHX","20150414","9:35 PM","PHX","LAC",-10.5,207,"LAC",108.75,"PHX",98.25
"20150415TOR","20150415","6:05 PM","TOR","CHA",-10.5,193,"TOR",101.75,"CHA",91.25
"20150415MIN","20150415","7:05 PM","MIN","OKC",-14,211,"OKC",112.5,"MIN",98.5
"20150415CHI","20150415","7:05 PM","CHI","ATL",-5,197,"CHI",101,"ATL",96
"20150415DAL","20150415","7:05 PM","DAL","POR",-6,208,"DAL",107,"POR",101
"20150415HOU","20150415","7:05 PM","HOU","UTA",-12,193,"HOU",102.5,"UTA",90.5
"20150415NOP","20150415","7:05 PM","NOP","SAS",-5.5,193,"SAS",99.25,"NOP",93.75
"20150415CLE","20150415","7:05 PM","CLE","WAS",-8,190.5,"CLE",99.25,"WAS",91.25
"20150415BKN","20150415","7:05 PM","BKN","ORL",-9,203,"BKN",106,"ORL",97
"20150415MIL","20150415","7:05 PM","MIL","BOS",-5.5,198,"MIL",101.75,"BOS",96.25
"20150415NYK","20150415","7:05 PM","NYK","DET",-9,193,"DET",101,"NYK",92
"20150415MEM","20150415","8:35 PM","MEM","IND",-2.5,184.5,"IND",93.5,"MEM",91
"20150415PHI","20150415","7:05 PM","PHI","MIA",-2,191.5,"PHI",96.75,"MIA",94.75
"20150415GSW","20150415","9:35 PM","GSW","DEN",-12,215.5,"GSW",113.75,"DEN",101.75
"20150415LAL","20150415","9:35 PM","LAL","SAC",-3,207,"LAL",105,"SAC",102
